CODE,DATE,NAME.x,12m Low,12m High,Day Low,Day High,Day Price,Previous,Change,Change%,Volume,Adjust,Date2,Date3,SECTOR,NAME.y
UNGA,05-Aug-19,Unga Group Ltd,26.1,37,32.9,32.9,32.9,32.9,-,-,-,-,05-08-2019,2019-08-05,Manufacturing and Allied,Unga Group Ltd
UNGA,10-Sep-19,Unga Group Ltd,26.1,36.5,32,32,32,32,-,-,-,-,10-09-2019,2019-09-10,Manufacturing and Allied,Unga Group Ltd
UNGA,28-Sep-20,Unga Group Ltd,26.1,35,30,30,30,32,-2,6.25%,1100,-,28-09-2020,2020-09-28,Manufacturing and Allied,Unga Group Ltd
UNGA,19-Feb-19,Unga Group Ltd,26.1,36.5,36.3,36.3,36.3,36.25,0.05,0.14%,500,-,19-02-2019,2019-02-19,Manufacturing and Allied,Unga Group Ltd
UNGA,10-Jun-20,Unga Group Ltd,26.1,37,27.6,30,29.9,30,-0.1,0.33%,"2,100",-,10-06-2020,2020-06-10,Manufacturing and Allied,Unga Group Ltd
UNGA,14-Sep-20,Unga Group Ltd,26.1,34.05,30,30.05,30,30,-,-,2700,-,14-09-2020,2020-09-14,Manufacturing and Allied,Unga Group Ltd
UNGA,17-Feb-20,Unga Group Ltd,26.1,37,31,31,31,31,-,-,900,-,17-02-2020,2020-02-17,Manufacturing and Allied,Unga Group Ltd
UNGA,22-Aug-19,Unga Group Ltd,26.1,37,36,36,36,36,-,-,-,-,22-08-2019,2019-08-22,Manufacturing and Allied,Unga Group Ltd
UNGA,11-Sep-20,Unga Group Ltd,26.1,34.05,30,30,30,30,-,-,-,-,11-09-2020,2020-09-11,Manufacturing and Allied,Unga Group Ltd
UNGA,31-May-19,Unga Group Ltd,26.1,37,37,37.5,37.25,34.15,3.1,9.08%,"1,100",-,31-05-2019,2019-05-31,Manufacturing and Allied,Unga Group Ltd
UNGA,07-Aug-20,Unga Group Ltd,26.1,34.05,30,30,30,30,-,-,-,-,07-08-2020,2020-08-07,Manufacturing and Allied,Unga Group Ltd
UNGA,16-Sep-19,Unga Group Ltd,26.1,36.5,31.9,31.9,31.9,31.9,-,-,-,-,16-09-2019,2019-09-16,Manufacturing and Allied,Unga Group Ltd
UNGA,03-May-19,Unga Group Ltd,26.1,36.5,34.3,34.3,34.3,34.3,-,-,-,-,03-05-2019,2019-05-03,Manufacturing and Allied,Unga Group Ltd
UNGA,16-Dec-19,Unga Group Ltd,26.1,37,31.9,31.9,31.9,31.9,-,-,-,-,16-12-2019,2019-12-16,Manufacturing and Allied,Unga Group Ltd
UNGA,14-Apr-20,Unga Group Ltd,26.1,37,26.1,26.5,26.4,26.1,0.3,1.15%,700,-,14-04-2020,2020-04-14,Manufacturing and Allied,Unga Group Ltd
UNGA,25-Apr-19,Unga Group Ltd,26.1,37,34.3,34.3,34.3,31.2,3.1,9.94%,500,-,25-04-2019,2019-04-25,Manufacturing and Allied,Unga Group Ltd
UNGA,08-Oct-19,Unga Group Ltd,26.1,37,31.5,32,31.55,31.650000000000002,-0.1,0.32%,"1,200",-,08-10-2019,2019-10-08,Manufacturing and Allied,Unga Group Ltd
UNGA,18-Nov-20,Unga Group Ltd,26.1,34.05,30.05,30.05,30.05,30.05,-,-,-,-,18-11-2020,2020-11-18,Manufacturing and Allied,Unga Group Ltd
UNGA,11-Dec-19,Unga Group Ltd,26.1,37,31.9,31.9,31.9,33,-1.1,3.33%,200,-,11-12-2019,2019-12-11,Manufacturing and Allied,Unga Group Ltd
UNGA,13-May-19,Unga Group Ltd,26.1,37,31.5,31.5,31.5,34,-2.5,7.35%,100,-,13-05-2019,2019-05-13,Manufacturing and Allied,Unga Group Ltd
UNGA,09-Sep-19,Unga Group Ltd,26.1,37,32,32,32,32,-,-,-,-,09-09-2019,2019-09-09,Manufacturing and Allied,Unga Group Ltd
UNGA,24-Oct-19,Unga Group Ltd,26.1,37,32.9,32.9,32.9,32.9,-,-,-,-,24-10-2019,2019-10-24,Manufacturing and Allied,Unga Group Ltd
UNGA,24-Jun-19,Unga Group Ltd,26.1,36.5,33,33,33,33,-,-,100,-,24-06-2019,2019-06-24,Manufacturing and Allied,Unga Group Ltd
UNGA,10-May-19,Unga Group Ltd,26.1,37,34,34,34,31.5,2.5,7.94%,100,-,10-05-2019,2019-05-10,Manufacturing and Allied,Unga Group Ltd
UNGA,09-Apr-19,Unga Group Ltd,26.1,36.5,31,36.3,32.7,33.2,-0.5,1.51%,"2,100",-,09-04-2019,2019-04-09,Manufacturing and Allied,Unga Group Ltd
UNGA,11-Jul-19,Unga Group Ltd,26.1,36.5,36.349999999999994,36.349999999999994,36.349999999999994,36.349999999999994,-,-,100,-,11-07-2019,2019-07-11,Manufacturing and Allied,Unga Group Ltd
UNGA,09-Dec-19,Unga Group Ltd,26.1,37,33,33,33,33,-,-,300,-,09-12-2019,2019-12-09,Manufacturing and Allied,Unga Group Ltd
UNGA,23-Jul-19,Unga Group Ltd,26.1,36.5,36.5,36.5,36.5,36.5,-,-,"1,000",-,23-07-2019,2019-07-23,Manufacturing and Allied,Unga Group Ltd
UNGA,28-Jul-20,Unga Group Ltd,26.1,35,30,30,30,30,-,-,-,-,28-07-2020,2020-07-28,Manufacturing and Allied,Unga Group Ltd
UNGA,24-Jul-19,Unga Group Ltd,26.1,36.5,36.5,36.5,36.5,36.5,-,-,-,-,24-07-2019,2019-07-24,Manufacturing and Allied,Unga Group Ltd
UNGA,02-Jan-19,Unga Group Ltd,26.1,36.5,39,39,39,39.449999999999996,-0.45,1.14%,100,-,02-01-2019,2019-01-02,Manufacturing and Allied,Unga Group Ltd
UNGA,19-Mar-19,Unga Group Ltd,26.1,36.5,33.25,33.25,33.25,33.25,-,-,-,-,19-03-2019,2019-03-19,Manufacturing and Allied,Unga Group Ltd
UNGA,05-Jun-20,Unga Group Ltd,26.1,37,27.4,27.4,27.4,27.4,-,-,-,-,05-06-2020,2020-06-05,Manufacturing and Allied,Unga Group Ltd
UNGA,07-Oct-19,Unga Group Ltd,26.1,37,31.650000000000002,31.650000000000002,31.650000000000002,31.650000000000002,-,-,-,-,07-10-2019,2019-10-07,Manufacturing and Allied,Unga Group Ltd
UNGA,26-Apr-19,Unga Group Ltd,26.1,37,34.3,34.3,34.3,34.3,-,-,-,-,26-04-2019,2019-04-26,Manufacturing and Allied,Unga Group Ltd
UNGA,20-Feb-19,Unga Group Ltd,26.1,37,36.3,39,36.8,36.3,0.5,1.38%,500,-,20-02-2019,2019-02-20,Manufacturing and Allied,Unga Group Ltd
UNGA,16-Jan-19,Unga Group Ltd,26.1,37,38.75,38.75,38.75,38.5,0.25,0.65%,100,-,16-01-2019,2019-01-16,Manufacturing and Allied,Unga Group Ltd
UNGA,22-Jan-19,Unga Group Ltd,26.1,37,38.75,38.75,38.75,38.75,-,-,-,-,22-01-2019,2019-01-22,Manufacturing and Allied,Unga Group Ltd
UNGA,16-Apr-19,Unga Group Ltd,26.1,37,31.1,31.1,31.1,31.1,-,-,-,-,16-04-2019,2019-04-16,Manufacturing and Allied,Unga Group Ltd
UNGA,24-Apr-19,Unga Group Ltd,26.1,37,31.2,31.2,31.2,31.2,-,-,-,-,24-04-2019,2019-04-24,Manufacturing and Allied,Unga Group Ltd
UNGA,01-Oct-19,Unga Group Ltd,26.1,37,34,34,34,34,-,-,-,-,01-10-2019,2019-10-01,Manufacturing and Allied,Unga Group Ltd
UNGA,17-Sep-19,Unga Group Ltd,26.1,36.5,31.9,31.9,31.9,31.9,-,-,100,-,17-09-2019,2019-09-17,Manufacturing and Allied,Unga Group Ltd
UNGA,26-Jul-19,Unga Group Ltd,26.1,37,36.5,36.5,36.5,36.5,-,-,-,-,26-07-2019,2019-07-26,Manufacturing and Allied,Unga Group Ltd
UNGA,10-Jun-19,Unga Group Ltd,26.1,37,35.5,35.5,35.5,37.25,-1.75,4.70%,100,-,10-06-2019,2019-06-10,Manufacturing and Allied,Unga Group Ltd
UNGA,19-Jun-19,Unga Group Ltd,26.1,37,35,35,35,36,-1,2.78%,100,-,19-06-2019,2019-06-19,Manufacturing and Allied,Unga Group Ltd
UNGA,04-Oct-19,Unga Group Ltd,26.1,37,31.5,32.5,31.650000000000002,34.6,-2.95,8.53%,"3,500",-,04-10-2019,2019-10-04,Manufacturing and Allied,Unga Group Ltd
UNGA,13-Dec-19,Unga Group Ltd,26.1,37,31.9,31.9,31.9,31.9,-,-,-,-,13-12-2019,2019-12-13,Manufacturing and Allied,Unga Group Ltd
UNGA,17-Dec-19,Unga Group Ltd,26.1,37,31.5,31.85,31.5,31.9,-0.4,1.25%,"2,500",-,17-12-2019,2019-12-17,Manufacturing and Allied,Unga Group Ltd
UNGA,14-Aug-19,Unga Group Ltd,26.1,37,32.9,32.9,32.9,32.9,-,-,-,-,14-08-2019,2019-08-14,Manufacturing and Allied,Unga Group Ltd
UNGA,26-Feb-19,Unga Group Ltd,26.1,37,36.2,36.2,36.2,36.2,-,-,-,-,26-02-2019,2019-02-26,Manufacturing and Allied,Unga Group Ltd
UNGA,09-Aug-19,Unga Group Ltd,26.1,36.5,32.9,32.9,32.9,32.9,-,-,-,-,09-08-2019,2019-08-09,Manufacturing and Allied,Unga Group Ltd
UNGA,08-Apr-20,Unga Group Ltd,26.1,37,26.1,26.1,26.1,29,-2.9,10.00%,300,-,08-04-2020,2020-04-08,Manufacturing and Allied,Unga Group Ltd
UNGA,17-Oct-19,Unga Group Ltd,26.1,37,31.5,31.5,31.5,31.5,-,-,-,-,17-10-2019,2019-10-17,Manufacturing and Allied,Unga Group Ltd
UNGA,18-Sep-20,Unga Group Ltd,26.1,34.05,30.650000000000002,30.650000000000002,30.650000000000002,30.650000000000002,-,-,-,-,18-09-2020,2020-09-18,Manufacturing and Allied,Unga Group Ltd
UNGA,28-Jun-19,Unga Group Ltd,26.1,37,33,33,33,33,-,-,-,-,28-06-2019,2019-06-28,Manufacturing and Allied,Unga Group Ltd
UNGA,25-Sep-20,Unga Group Ltd,26.1,35,32,32,32,32,-,-,-,-,25-09-2020,2020-09-25,Manufacturing and Allied,Unga Group Ltd
UNGA,02-May-19,Unga Group Ltd,26.1,37,34.3,34.3,34.3,34.3,-,-,-,-,02-05-2019,2019-05-02,Manufacturing and Allied,Unga Group Ltd
UNGA,21-Jun-19,Unga Group Ltd,26.1,37,33,33,33,33,-,-,-,-,21-06-2019,2019-06-21,Manufacturing and Allied,Unga Group Ltd
UNGA,30-May-19,Unga Group Ltd,26.1,37,34.15,34.15,34.15,34.15,-,-,-,-,30-05-2019,2019-05-30,Manufacturing and Allied,Unga Group Ltd
UNGA,17-Jun-19,Unga Group Ltd,26.1,36.5,36,36,36,38,-2,5.26%,100,-,17-06-2019,2019-06-17,Manufacturing and Allied,Unga Group Ltd
UNGA,05-Feb-19,Unga Group Ltd,26.1,37,35.5,37.5,36,38.25,-2.25,5.88%,"1,200",-,05-02-2019,2019-02-05,Manufacturing and Allied,Unga Group Ltd
UNGA,24-Sep-20,Unga Group Ltd,26.1,34.05,32,32,32,30.05,1.95,6.49%,200,-,24-09-2020,2020-09-24,Manufacturing and Allied,Unga Group Ltd
UNGA,06-Feb-20,Unga Group Ltd,26.1,37,33,33,33,33,-,-,-,-,06-02-2020,2020-02-06,Manufacturing and Allied,Unga Group Ltd
UNGA,11-Jan-19,Unga Group Ltd,26.1,37,38.5,38.5,38.5,38.5,-,-,-,-,11-01-2019,2019-01-11,Manufacturing and Allied,Unga Group Ltd
UNGA,20-Apr-20,Unga Group Ltd,26.1,37,29,29,29,29,-,-,200,-,20-04-2020,2020-04-20,Manufacturing and Allied,Unga Group Ltd
UNGA,22-Sep-20,Unga Group Ltd,26.1,34.05,30.05,30.05,30.05,30.05,-,-,-,-,22-09-2020,2020-09-22,Manufacturing and Allied,Unga Group Ltd
UNGA,01-Aug-19,Unga Group Ltd,26.1,37,32.9,32.9,32.9,36.4,-3.5,9.62%,"273,000",-,01-08-2019,2019-08-01,Manufacturing and Allied,Unga Group Ltd
UNGA,13-Mar-19,Unga Group Ltd,26.1,36.5,35,36,35,36,-1,2.78%,"100,100",-,13-03-2019,2019-03-13,Manufacturing and Allied,Unga Group Ltd
UNGA,10-Aug-20,Unga Group Ltd,26.1,34.05,30,30,30,30,-,-,-,-,10-08-2020,2020-08-10,Manufacturing and Allied,Unga Group Ltd
UNGA,05-Mar-19,Unga Group Ltd,26.1,37,38,38,38,38,-,-,-,-,05-03-2019,2019-03-05,Manufacturing and Allied,Unga Group Ltd
UNGA,03-Aug-20,Unga Group Ltd,26.1,35,30,30,30,30,-,-,-,-,03-08-2020,2020-08-03,Manufacturing and Allied,Unga Group Ltd
UNGA,02-Jul-19,Unga Group Ltd,26.1,36.5,33.05,33.05,33.05,33.15,-0.1,0.30%,300,-,02-07-2019,2019-07-02,Manufacturing and Allied,Unga Group Ltd
UNGA,19-Aug-19,Unga Group Ltd,26.1,36.5,33,33,33,32.9,0.1,0.30%,100,-,19-08-2019,2019-08-19,Manufacturing and Allied,Unga Group Ltd
UNGA,27-Aug-19,Unga Group Ltd,26.1,37,36,36,36,36,-,-,"1,000",-,27-08-2019,2019-08-27,Manufacturing and Allied,Unga Group Ltd
UNGA,09-May-19,Unga Group Ltd,26.1,37,31.5,31.5,31.5,31.5,-,-,-,-,09-05-2019,2019-05-09,Manufacturing and Allied,Unga Group Ltd
UNGA,14-Feb-20,Unga Group Ltd,26.1,37,31,31,31,30.1,0.9,2.99%,100,-,14-02-2020,2020-02-14,Manufacturing and Allied,Unga Group Ltd
UNGA,09-Jun-20,Unga Group Ltd,26.1,37,30,30,30,30,-,-,-,-,09-06-2020,2020-06-09,Manufacturing and Allied,Unga Group Ltd
UNGA,10-Dec-19,Unga Group Ltd,26.1,37,33,33,33,33,-,-,300,-,10-12-2019,2019-12-10,Manufacturing and Allied,Unga Group Ltd
UNGA,02-Aug-19,Unga Group Ltd,26.1,37,32.9,32.9,32.9,32.9,-,-,-,-,02-08-2019,2019-08-02,Manufacturing and Allied,Unga Group Ltd
UNGA,18-Jan-19,Unga Group Ltd,26.1,36.5,38.75,38.75,38.75,38.75,-,-,-,-,18-01-2019,2019-01-18,Manufacturing and Allied,Unga Group Ltd
UNGA,20-Feb-20,Unga Group Ltd,26.1,37,31.5,34,33.849999999999994,33.9,-0.05,0.15%,"5,100",-,20-02-2020,2020-02-20,Manufacturing and Allied,Unga Group Ltd
UNGA,03-Jul-19,Unga Group Ltd,26.1,37,33.05,33.05,33.05,33.05,-,-,-,-,03-07-2019,2019-07-03,Manufacturing and Allied,Unga Group Ltd
UNGA,06-Mar-19,Unga Group Ltd,26.1,37,35,35,35,38,-3,7.89%,"1,900",-,06-03-2019,2019-03-06,Manufacturing and Allied,Unga Group Ltd
UNGA,27-Mar-19,Unga Group Ltd,26.1,37,33.1,33.1,33.1,33.1,-,-,-,-,27-03-2019,2019-03-27,Manufacturing and Allied,Unga Group Ltd
UNGA,20-Aug-19,Unga Group Ltd,26.1,37,33,33,33,33,-,-,-,-,20-08-2019,2019-08-20,Manufacturing and Allied,Unga Group Ltd
UNGA,29-Sep-20,Unga Group Ltd,26.1,35,30,30,30,30,-,-,100,-,29-09-2020,2020-09-29,Manufacturing and Allied,Unga Group Ltd
UNGA,03-Jan-20,Unga Group Ltd,26.1,37,33.8,33.8,33.8,34,-0.2,0.59%,100,-,03-01-2020,2020-01-03,Manufacturing and Allied,Unga Group Ltd
UNGA,26-Sep-19,Unga Group Ltd,26.1,37,34,34,34,34,-,-,100,-,26-09-2019,2019-09-26,Manufacturing and Allied,Unga Group Ltd
UNGA,09-Nov-20,Unga Group Ltd,26.1,35,30.05,30.05,30.05,30.05,-,-,-,-,09-11-2020,2020-11-09,Manufacturing and Allied,Unga Group Ltd
UNGA,22-Jul-19,Unga Group Ltd,26.1,37,36.5,36.5,36.5,37,-0.5,1.35%,200,-,22-07-2019,2019-07-22,Manufacturing and Allied,Unga Group Ltd
UNGA,23-Oct-19,Unga Group Ltd,26.1,37,32,34,32.9,34,-1.1,3.24%,"1,600",-,23-10-2019,2019-10-23,Manufacturing and Allied,Unga Group Ltd
UNGA,25-Mar-19,Unga Group Ltd,26.1,36.5,33.1,33.1,33.1,33,0.1,0.30%,100,-,25-03-2019,2019-03-25,Manufacturing and Allied,Unga Group Ltd
UNGA,23-May-19,Unga Group Ltd,26.1,37,35,35,35,34,1,2.94%,"2,300",-,23-05-2019,2019-05-23,Manufacturing and Allied,Unga Group Ltd
UNGA,18-Mar-19,Unga Group Ltd,26.1,36.5,33.25,33.25,33.25,33.25,-,-,-,-,18-03-2019,2019-03-18,Manufacturing and Allied,Unga Group Ltd
UNGA,17-Nov-20,Unga Group Ltd,26.1,34.05,30.05,30.05,30.05,30.05,-,-,-,-,17-11-2020,2020-11-17,Manufacturing and Allied,Unga Group Ltd
UNGA,30-Apr-19,Unga Group Ltd,26.1,37,34.3,34.3,34.3,34.3,-,-,-,-,30-04-2019,2019-04-30,Manufacturing and Allied,Unga Group Ltd
UNGA,23-Aug-19,Unga Group Ltd,26.1,37,36,36,36,36,-,-,100,-,23-08-2019,2019-08-23,Manufacturing and Allied,Unga Group Ltd
UNGA,06-Apr-20,Unga Group Ltd,26.1,37,29,29,29,29,-,-,-,-,06-04-2020,2020-04-06,Manufacturing and Allied,Unga Group Ltd
UNGA,01-Feb-19,Unga Group Ltd,26.1,37,38.25,38.25,38.25,38.25,-,-,-,-,01-02-2019,2019-02-01,Manufacturing and Allied,Unga Group Ltd
UNGA,30-Nov-20,Unga Group Ltd,26.1,35,30,30,30,30,-,-,-,-,30-11-2020,2020-11-30,Manufacturing and Allied,Unga Group Ltd
UNGA,27-Jul-20,Unga Group Ltd,26.1,35,30,30,30,30,-,-,-,-,27-07-2020,2020-07-27,Manufacturing and Allied,Unga Group Ltd
UNGA,16-Nov-20,Unga Group Ltd,26.1,35,30.05,30.05,30.05,30.05,-,-,-,-,16-11-2020,2020-11-16,Manufacturing and Allied,Unga Group Ltd
UNGA,20-May-19,Unga Group Ltd,26.1,37,34.1,34.1,34.1,35,-0.9,2.57%,100,-,20-05-2019,2019-05-20,Manufacturing and Allied,Unga Group Ltd
UNGA,11-Jun-19,Unga Group Ltd,26.1,36.5,35.5,35.5,35.5,35.5,-,-,-,-,11-06-2019,2019-06-11,Manufacturing and Allied,Unga Group Ltd
UNGA,26-Mar-19,Unga Group Ltd,26.1,37,33.1,33.1,33.1,33.1,-,-,-,-,26-03-2019,2019-03-26,Manufacturing and Allied,Unga Group Ltd
UNGA,21-Mar-19,Unga Group Ltd,26.1,37,33,33,33,33,-,-,-,-,21-03-2019,2019-03-21,Manufacturing and Allied,Unga Group Ltd
UNGA,05-Jul-19,Unga Group Ltd,26.1,37,33.05,33.05,33.05,33.05,-,-,-,-,05-07-2019,2019-07-05,Manufacturing and Allied,Unga Group Ltd
UNGA,07-Jan-19,Unga Group Ltd,26.1,37,35,36.4,35.849999999999994,36.3,-0.45,1.24%,"3,700",-,07-01-2019,2019-01-07,Manufacturing and Allied,Unga Group Ltd
UNGA,08-Jan-19,Unga Group Ltd,26.1,37,35,35,35,35.849999999999994,-0.85,2.37%,"5,000",-,08-01-2019,2019-01-08,Manufacturing and Allied,Unga Group Ltd
UNGA,30-Mar-20,Unga Group Ltd,26.1,37,29,29,29,29,-,-,-,-,30-03-2020,2020-03-30,Manufacturing and Allied,Unga Group Ltd
UNGA,26-Jun-19,Unga Group Ltd,26.1,37,33,33,33,33,-,-,"1,300",-,26-06-2019,2019-06-26,Manufacturing and Allied,Unga Group Ltd
UNGA,11-Apr-19,Unga Group Ltd,26.1,37,31.1,31.1,31.1,31.7,-0.6,1.89%,600,-,11-04-2019,2019-04-11,Manufacturing and Allied,Unga Group Ltd
UNGA,07-May-19,Unga Group Ltd,26.1,36.5,31.5,31.5,31.5,35,-3.5,10.00%,100,-,07-05-2019,2019-05-07,Manufacturing and Allied,Unga Group Ltd
UNGA,29-Jul-19,Unga Group Ltd,26.1,37,36.5,36.5,36.5,36.5,-,-,-,-,29-07-2019,2019-07-29,Manufacturing and Allied,Unga Group Ltd
UNGA,19-Nov-20,Unga Group Ltd,26.1,34.05,30.05,30.05,30.05,30.05,-,-,-,-,19-11-2020,2020-11-19,Manufacturing and Allied,Unga Group Ltd
UNGA,03-Dec-20,Unga Group Ltd,26.1,35,30,30.5,30.45,30,0.45,1.50%,2200,-,03-12-2020,2020-12-03,Manufacturing and Allied,Unga Group Ltd
UNGA,25-Feb-20,Unga Group Ltd,26.1,37,31,31,31,31,-,-,-,-,25-02-2020,2020-02-25,Manufacturing and Allied,Unga Group Ltd
UNGA,24-Feb-20,Unga Group Ltd,26.1,37,31,31,31,33.849999999999994,-2.85,8.42%,"2,100",-,24-02-2020,2020-02-24,Manufacturing and Allied,Unga Group Ltd
UNGA,08-Apr-19,Unga Group Ltd,26.1,37,33.2,33.2,33.2,33.2,-,-,-,-,08-04-2019,2019-04-08,Manufacturing and Allied,Unga Group Ltd
UNGA,12-Jul-19,Unga Group Ltd,26.1,37,36.349999999999994,36.349999999999994,36.349999999999994,36.349999999999994,-,-,100,-,12-07-2019,2019-07-12,Manufacturing and Allied,Unga Group Ltd
UNGA,12-Jun-19,Unga Group Ltd,26.1,37,35.5,35.5,35.5,35.5,-,-,-,-,12-06-2019,2019-06-12,Manufacturing and Allied,Unga Group Ltd
UNGA,10-Feb-20,Unga Group Ltd,26.1,37,30.1,30.1,30.1,30.1,-,-,-,-,10-02-2020,2020-02-10,Manufacturing and Allied,Unga Group Ltd
UNGA,02-Apr-20,Unga Group Ltd,26.1,37,29,29,29,29,-,-,-,-,02-04-2020,2020-04-02,Manufacturing and Allied,Unga Group Ltd
UNGA,07-Apr-20,Unga Group Ltd,26.1,37,29,29,29,29,-,-,"1,200",-,07-04-2020,2020-04-07,Manufacturing and Allied,Unga Group Ltd
UNGA,27-Mar-20,Unga Group Ltd,26.1,37,29,29,29,29,-,-,100,-,27-03-2020,2020-03-27,Manufacturing and Allied,Unga Group Ltd
UNGA,14-Jun-19,Unga Group Ltd,26.1,37,38,38,38,38,-,-,100,-,14-06-2019,2019-06-14,Manufacturing and Allied,Unga Group Ltd
UNGA,17-May-19,Unga Group Ltd,26.1,37,35,35,35,35,-,-,-,-,17-05-2019,2019-05-17,Manufacturing and Allied,Unga Group Ltd
UNGA,13-Feb-20,Unga Group Ltd,26.1,37,30.1,30.1,30.1,30.1,-,-,100,-,13-02-2020,2020-02-13,Manufacturing and Allied,Unga Group Ltd
UNGA,25-Jun-19,Unga Group Ltd,26.1,37,33,33,33,33,-,-,"12,200",-,25-06-2019,2019-06-25,Manufacturing and Allied,Unga Group Ltd
UNGA,06-Aug-19,Unga Group Ltd,26.1,36.5,32.9,32.9,32.9,32.9,-,-,-,-,06-08-2019,2019-08-06,Manufacturing and Allied,Unga Group Ltd
UNGA,17-Apr-20,Unga Group Ltd,26.1,37,29,29,29,29,-,-,-,-,17-04-2020,2020-04-17,Manufacturing and Allied,Unga Group Ltd
UNGA,01-Dec-20,Unga Group Ltd,26.1,35,30,30,30,30,-,-,-,-,01-12-2020,2020-12-01,Manufacturing and Allied,Unga Group Ltd
UNGA,18-Jul-19,Unga Group Ltd,26.1,36.5,37,37,37,37,-,-,100,-,18-07-2019,2019-07-18,Manufacturing and Allied,Unga Group Ltd
UNGA,28-May-19,Unga Group Ltd,26.1,37,35,35,35,35,-,-,-,-,28-05-2019,2019-05-28,Manufacturing and Allied,Unga Group Ltd
UNGA,04-Aug-20,Unga Group Ltd,26.1,35,30,30,30,30,-,-,-,-,04-08-2020,2020-08-04,Manufacturing and Allied,Unga Group Ltd
UNGA,18-Apr-19,Unga Group Ltd,26.1,37,31.1,31.1,31.1,31.1,-,-,-,-,18-04-2019,2019-04-18,Manufacturing and Allied,Unga Group Ltd
UNGA,17-Jan-19,Unga Group Ltd,26.1,37,38.75,38.75,38.75,38.75,-,-,-,-,17-01-2019,2019-01-17,Manufacturing and Allied,Unga Group Ltd
UNGA,05-Sep-19,Unga Group Ltd,26.1,37,35,35,35,35,-,-,-,-,05-09-2019,2019-09-05,Manufacturing and Allied,Unga Group Ltd
UNGA,15-Jul-19,Unga Group Ltd,26.1,37,36,36,36,36.349999999999994,-0.35,0.96%,100,-,15-07-2019,2019-07-15,Manufacturing and Allied,Unga Group Ltd
UNGA,24-May-19,Unga Group Ltd,26.1,37,35,35,35,35,-,-,-,-,24-05-2019,2019-05-24,Manufacturing and Allied,Unga Group Ltd
UNGA,29-Jan-19,Unga Group Ltd,26.1,36.5,39,39,39,38.5,0.5,1.30%,200,-,29-01-2019,2019-01-29,Manufacturing and Allied,Unga Group Ltd
UNGA,25-Nov-20,Unga Group Ltd,26.1,34.05,30.05,30.05,30.05,30.05,-,-,-,-,25-11-2020,2020-11-25,Manufacturing and Allied,Unga Group Ltd
UNGA,28-Jan-19,Unga Group Ltd,26.1,36.5,38.5,38.5,38.5,38.5,-,-,-,-,28-01-2019,2019-01-28,Manufacturing and Allied,Unga Group Ltd
UNGA,15-Apr-19,Unga Group Ltd,26.1,36.5,31.1,31.1,31.1,31.1,-,-,-,-,15-04-2019,2019-04-15,Manufacturing and Allied,Unga Group Ltd
UNGA,16-Jun-20,Unga Group Ltd,26.1,37,29,30,29.45,28.8,0.65,2.26%,"29,700",-,16-06-2020,2020-06-16,Manufacturing and Allied,Unga Group Ltd
UNGA,24-Sep-19,Unga Group Ltd,26.1,37,34,34,34,34,-,-,-,-,24-09-2019,2019-09-24,Manufacturing and Allied,Unga Group Ltd
UNGA,17-Mar-20,Unga Group Ltd,26.1,37,29,29,29,29,-,-,-,-,17-03-2020,2020-03-17,Manufacturing and Allied,Unga Group Ltd
UNGA,08-Jun-20,Unga Group Ltd,26.1,37,30,30,30,27.4,2.6,9.49%,100,-,08-06-2020,2020-06-08,Manufacturing and Allied,Unga Group Ltd
UNGA,05-Apr-19,Unga Group Ltd,26.1,36.5,33.2,33.2,33.2,33.2,-,-,-,-,05-04-2019,2019-04-05,Manufacturing and Allied,Unga Group Ltd
UNGA,30-Dec-19,Unga Group Ltd,26.1,37,34,34,34,34,-,-,-,-,30-12-2019,2019-12-30,Manufacturing and Allied,Unga Group Ltd
UNGA,08-Oct-20,Unga Group Ltd,26.1,35,30,30,30,30,-,-,1800,-,08-10-2020,2020-10-08,Manufacturing and Allied,Unga Group Ltd
UNGA,29-Apr-19,Unga Group Ltd,26.1,37,34.3,34.3,34.3,34.3,-,-,-,-,29-04-2019,2019-04-29,Manufacturing and Allied,Unga Group Ltd
UNGA,12-Feb-20,Unga Group Ltd,26.1,37,30.1,30.1,30.1,30.1,-,-,-,-,12-02-2020,2020-02-12,Manufacturing and Allied,Unga Group Ltd
UNGA,31-Jul-19,Unga Group Ltd,26.1,36.5,36,36.5,36.4,36.5,-0.1,0.27%,800,-,31-07-2019,2019-07-31,Manufacturing and Allied,Unga Group Ltd
UNGA,29-Aug-19,Unga Group Ltd,26.1,36.5,36,36,36,36,-,-,200,-,29-08-2019,2019-08-29,Manufacturing and Allied,Unga Group Ltd
UNGA,19-Sep-19,Unga Group Ltd,26.1,37,31.9,31.9,31.9,31.9,-,-,-,-,19-09-2019,2019-09-19,Manufacturing and Allied,Unga Group Ltd
UNGA,12-Sep-19,Unga Group Ltd,26.1,36.5,32,32,32,32,-,-,-,-,12-09-2019,2019-09-12,Manufacturing and Allied,Unga Group Ltd
UNGA,03-Apr-19,Unga Group Ltd,26.1,37,33.2,33.2,33.2,33.2,-,-,-,-,03-04-2019,2019-04-03,Manufacturing and Allied,Unga Group Ltd
UNGA,12-Mar-19,Unga Group Ltd,26.1,37,36,36,36,36,-,-,-,-,12-03-2019,2019-03-12,Manufacturing and Allied,Unga Group Ltd
UNGA,27-Sep-19,Unga Group Ltd,26.1,36.5,34,34,34,34,-,-,100,-,27-09-2019,2019-09-27,Manufacturing and Allied,Unga Group Ltd
UNGA,11-Mar-19,Unga Group Ltd,26.1,37,36,36,36,36,-,-,-,-,11-03-2019,2019-03-11,Manufacturing and Allied,Unga Group Ltd
UNGA,16-May-19,Unga Group Ltd,26.1,37,35,35,35,34,1,2.94%,"1,500",-,16-05-2019,2019-05-16,Manufacturing and Allied,Unga Group Ltd
UNGA,04-Dec-19,Unga Group Ltd,26.1,37,31.5,35.449999999999996,32.349999999999994,32.75,-0.4,1.22%,"2,900",-,04-12-2019,2019-12-04,Manufacturing and Allied,Unga Group Ltd
UNGA,01-Apr-19,Unga Group Ltd,26.1,37,33.1,33.1,33.1,33.1,-,-,-,-,01-04-2019,2019-04-01,Manufacturing and Allied,Unga Group Ltd
UNGA,18-Feb-19,Unga Group Ltd,26.1,36.5,36.25,36.25,36.25,36.25,-,-,-,-,18-02-2019,2019-02-18,Manufacturing and Allied,Unga Group Ltd
UNGA,26-Mar-20,Unga Group Ltd,26.1,37,29,29,29,29,-,-,200,-,26-03-2020,2020-03-26,Manufacturing and Allied,Unga Group Ltd
UNGA,12-Aug-20,Unga Group Ltd,26.1,34.05,32.5,32.5,32.5,30,2.5,8.33%,100,-,12-08-2020,2020-08-12,Manufacturing and Allied,Unga Group Ltd
UNGA,10-Nov-20,Unga Group Ltd,26.1,35,30.05,30.05,30.05,30.05,-,-,-,-,10-11-2020,2020-11-10,Manufacturing and Allied,Unga Group Ltd
UNGA,05-Nov-19,Unga Group Ltd,26.1,37,34,34,34,33.5,0.5,1.49%,100,-,05-11-2019,2019-11-05,Manufacturing and Allied,Unga Group Ltd
UNGA,04-Jun-19,Unga Group Ltd,26.1,37,37.25,37.25,37.25,37.25,-,-,-,-,04-06-2019,2019-06-04,Manufacturing and Allied,Unga Group Ltd
UNGA,14-May-19,Unga Group Ltd,26.1,37,31.5,34,33.75,31.5,2.25,7.14%,"1,200",-,14-05-2019,2019-05-14,Manufacturing and Allied,Unga Group Ltd
UNGA,03-Jun-19,Unga Group Ltd,26.1,37,37.25,37.25,37.25,37.25,-,-,-,-,03-06-2019,2019-06-03,Manufacturing and Allied,Unga Group Ltd
UNGA,27-Feb-19,Unga Group Ltd,26.1,37,36.2,36.2,36.2,36.2,-,-,"1,200",-,27-02-2019,2019-02-27,Manufacturing and Allied,Unga Group Ltd
UNGA,20-Dec-19,Unga Group Ltd,26.1,37,31.6,31.6,31.6,31.5,0.1,0.32%,300,-,20-12-2019,2019-12-20,Manufacturing and Allied,Unga Group Ltd
UNGA,13-Aug-19,Unga Group Ltd,26.1,37,32.9,32.9,32.9,32.9,-,-,-,-,13-08-2019,2019-08-13,Manufacturing and Allied,Unga Group Ltd
UNGA,13-Aug-20,Unga Group Ltd,26.1,34.05,32.7,32.7,32.7,32.5,0.2,0.62%,400,-,13-08-2020,2020-08-13,Manufacturing and Allied,Unga Group Ltd
UNGA,01-Jul-19,Unga Group Ltd,26.1,37,33,34,33.15,33,0.15,0.45%,"1,700",-,01-07-2019,2019-07-01,Manufacturing and Allied,Unga Group Ltd
UNGA,20-Nov-20,Unga Group Ltd,26.1,34.05,30.05,30.05,30.05,30.05,-,-,-,-,20-11-2020,2020-11-20,Manufacturing and Allied,Unga Group Ltd
UNGA,18-Dec-19,Unga Group Ltd,26.1,37,34,34,34,31.5,2.5,7.94%,"1,000",-,18-12-2019,2019-12-18,Manufacturing and Allied,Unga Group Ltd
UNGA,29-May-20,Unga Group Ltd,26.1,37,27.4,27.4,27.4,27.4,-,-,-,-,29-05-2020,2020-05-29,Manufacturing and Allied,Unga Group Ltd
UNGA,30-Aug-19,Unga Group Ltd,26.1,37,35.75,35.75,35.75,36,-0.25,0.69%,300,-,30-08-2019,2019-08-30,Manufacturing and Allied,Unga Group Ltd
UNGA,21-Feb-20,Unga Group Ltd,26.1,37,33.849999999999994,33.849999999999994,33.849999999999994,33.849999999999994,-,-,-,-,21-02-2020,2020-02-21,Manufacturing and Allied,Unga Group Ltd
UNGA,16-Oct-19,Unga Group Ltd,26.1,37,31.5,31.5,31.5,34.5,-3,8.70%,"2,000",-,16-10-2019,2019-10-16,Manufacturing and Allied,Unga Group Ltd
UNGA,05-May-20,Unga Group Ltd,26.1,37,28.25,30.5,28.4,29.2,-0.8,2.74%,"5,400",-,05-05-2020,2020-05-05,Manufacturing and Allied,Unga Group Ltd
UNGA,21-Sep-20,Unga Group Ltd,26.1,34.05,30,32,30.05,30.650000000000002,-0.6,1.96%,5700,-,21-09-2020,2020-09-21,Manufacturing and Allied,Unga Group Ltd
UNGA,31-Mar-20,Unga Group Ltd,26.1,37,29,29,29,29,-,-,-,-,31-03-2020,2020-03-31,Manufacturing and Allied,Unga Group Ltd
UNGA,22-Oct-19,Unga Group Ltd,26.1,36.5,34,34,34,34.5,-0.5,1.45%,600,-,22-10-2019,2019-10-22,Manufacturing and Allied,Unga Group Ltd
UNGA,25-Jan-19,Unga Group Ltd,26.1,37,38.5,38.5,38.5,38.75,-0.25,0.65%,100,-,25-01-2019,2019-01-25,Manufacturing and Allied,Unga Group Ltd
UNGA,21-Feb-19,Unga Group Ltd,26.1,37,36.8,36.8,36.8,36.8,-,-,-,-,21-02-2019,2019-02-21,Manufacturing and Allied,Unga Group Ltd
UNGA,17-Apr-19,Unga Group Ltd,26.1,37,31.1,31.1,31.1,31.1,-,-,-,-,17-04-2019,2019-04-17,Manufacturing and Allied,Unga Group Ltd
UNGA,10-Jan-19,Unga Group Ltd,26.1,37,38.5,38.5,38.5,35,3.5,10.00%,600,-,10-01-2019,2019-01-10,Manufacturing and Allied,Unga Group Ltd
UNGA,21-Jan-19,Unga Group Ltd,26.1,37,38.75,38.75,38.75,38.75,-,-,-,-,21-01-2019,2019-01-21,Manufacturing and Allied,Unga Group Ltd
UNGA,29-May-19,Unga Group Ltd,26.1,36.5,34,34.5,34.15,35,-0.85,2.43%,300,-,29-05-2019,2019-05-29,Manufacturing and Allied,Unga Group Ltd
UNGA,02-Jun-20,Unga Group Ltd,26.1,37,27.4,27.4,27.4,27.4,-,-,600,-,02-06-2020,2020-06-02,Manufacturing and Allied,Unga Group Ltd
UNGA,15-Oct-19,Unga Group Ltd,26.1,37,34.5,34.5,34.5,34.5,-,-,-,-,15-10-2019,2019-10-15,Manufacturing and Allied,Unga Group Ltd
UNGA,29-Jul-20,Unga Group Ltd,26.1,35,30,30,30,30,-,-,-,-,29-07-2020,2020-07-29,Manufacturing and Allied,Unga Group Ltd
UNGA,21-Nov-19,Unga Group Ltd,26.1,36.5,34.05,34.05,34.05,31,3.05,9.84%,200,-,21-11-2019,2019-11-21,Manufacturing and Allied,Unga Group Ltd
UNGA,27-May-19,Unga Group Ltd,26.1,37,35,35,35,35,-,-,-,-,27-05-2019,2019-05-27,Manufacturing and Allied,Unga Group Ltd
UNGA,18-Jun-19,Unga Group Ltd,26.1,36.5,36,36,36,36,-,-,-,-,18-06-2019,2019-06-18,Manufacturing and Allied,Unga Group Ltd
UNGA,11-Jun-20,Unga Group Ltd,26.1,37,28.8,28.8,28.8,29.9,-1.1,3.68%,600,-,11-06-2020,2020-06-11,Manufacturing and Allied,Unga Group Ltd
UNGA,10-Apr-19,Unga Group Ltd,26.1,37,31.7,31.7,31.7,32.7,-1,3.06%,300,-,10-04-2019,2019-04-10,Manufacturing and Allied,Unga Group Ltd
UNGA,09-Jan-19,Unga Group Ltd,26.1,37,35,35,35,35,-,-,-,-,09-01-2019,2019-01-09,Manufacturing and Allied,Unga Group Ltd
UNGA,16-Apr-20,Unga Group Ltd,26.1,37,29,29,29,26.4,2.6,9.85%,300,-,16-04-2020,2020-04-16,Manufacturing and Allied,Unga Group Ltd
UNGA,02-Dec-20,Unga Group Ltd,26.1,35,30,30,30,30,-,-,-,-,02-12-2020,2020-12-02,Manufacturing and Allied,Unga Group Ltd
UNGA,17-Sep-20,Unga Group Ltd,26.1,34.05,30.650000000000002,30.650000000000002,30.650000000000002,30.650000000000002,-,-,-,-,17-09-2020,2020-09-17,Manufacturing and Allied,Unga Group Ltd
UNGA,04-Jul-19,Unga Group Ltd,26.1,36.5,33.05,33.05,33.05,33.05,-,-,-,-,04-07-2019,2019-07-04,Manufacturing and Allied,Unga Group Ltd
UNGA,03-Apr-20,Unga Group Ltd,26.1,37,29,29,29,29,-,-,-,-,03-04-2020,2020-04-03,Manufacturing and Allied,Unga Group Ltd
UNGA,23-Apr-19,Unga Group Ltd,26.1,36.5,31.2,31.2,31.2,31.1,0.1,0.32%,100,-,23-04-2019,2019-04-23,Manufacturing and Allied,Unga Group Ltd
UNGA,20-Jun-19,Unga Group Ltd,26.1,37,33,33,33,35,-2,5.71%,"2,900",-,20-06-2019,2019-06-20,Manufacturing and Allied,Unga Group Ltd
UNGA,27-May-20,Unga Group Ltd,26.1,37,27,29.7,27.4,27,0.4,1.48%,"2,100",-,27-05-2020,2020-05-27,Manufacturing and Allied,Unga Group Ltd
UNGA,21-Apr-20,Unga Group Ltd,26.1,37,29,29,29,29,-,-,100,-,21-04-2020,2020-04-21,Manufacturing and Allied,Unga Group Ltd
UNGA,03-Jan-19,Unga Group Ltd,26.1,37,36,38,36.5,39,-2.5,6.41%,"1,500",-,03-01-2019,2019-01-03,Manufacturing and Allied,Unga Group Ltd
UNGA,12-Feb-19,Unga Group Ltd,26.1,36.5,36.1,36.1,36.1,36.1,-,-,-,-,12-02-2019,2019-02-12,Manufacturing and Allied,Unga Group Ltd
UNGA,15-Apr-20,Unga Group Ltd,26.1,37,26.4,26.4,26.4,26.4,-,-,-,-,15-04-2020,2020-04-15,Manufacturing and Allied,Unga Group Ltd
UNGA,30-Oct-19,Unga Group Ltd,26.1,37,33.9,33.9,33.9,33.9,-,-,-,-,30-10-2019,2019-10-30,Manufacturing and Allied,Unga Group Ltd
UNGA,14-Jan-19,Unga Group Ltd,26.1,37,38.5,38.5,38.5,38.5,-,-,-,-,14-01-2019,2019-01-14,Manufacturing and Allied,Unga Group Ltd
UNGA,25-Aug-20,Unga Group Ltd,26.1,34.05,33,33,33,32.7,0.3,0.92%,500,-,25-08-2020,2020-08-25,Manufacturing and Allied,Unga Group Ltd
UNGA,22-Mar-19,Unga Group Ltd,26.1,36.5,33,33,33,33,-,-,-,-,22-03-2019,2019-03-22,Manufacturing and Allied,Unga Group Ltd
UNGA,20-Jul-20,Unga Group Ltd,26.1,34.05,28.05,28.05,28.05,28.05,-,-,-,-,20-07-2020,2020-07-20,Manufacturing and Allied,Unga Group Ltd
UNGA,26-Aug-19,Unga Group Ltd,26.1,37,36,36,36,36,-,-,500,-,26-08-2019,2019-08-26,Manufacturing and Allied,Unga Group Ltd
UNGA,28-Mar-19,Unga Group Ltd,26.1,36.5,33.1,33.1,33.1,33.1,-,-,-,-,28-03-2019,2019-03-28,Manufacturing and Allied,Unga Group Ltd
UNGA,19-Feb-20,Unga Group Ltd,26.1,37,33.5,34.05,33.9,31,2.9,9.35%,"4,300",-,19-02-2020,2020-02-19,Manufacturing and Allied,Unga Group Ltd
UNGA,21-May-19,Unga Group Ltd,26.1,36.5,34.1,34.1,34.1,34.1,-,-,-,-,21-05-2019,2019-05-21,Manufacturing and Allied,Unga Group Ltd
UNGA,15-Aug-19,Unga Group Ltd,26.1,37,32.9,32.9,32.9,32.9,-,-,-,-,15-08-2019,2019-08-15,Manufacturing and Allied,Unga Group Ltd
UNGA,10-Jul-19,Unga Group Ltd,26.1,37,36.349999999999994,36.349999999999994,36.349999999999994,36.349999999999994,-,-,-,-,10-07-2019,2019-07-10,Manufacturing and Allied,Unga Group Ltd
UNGA,14-Oct-19,Unga Group Ltd,26.1,36.5,34.5,34.5,34.5,31.55,2.95,9.35%,100,-,14-10-2019,2019-10-14,Manufacturing and Allied,Unga Group Ltd
UNGA,01-Nov-19,Unga Group Ltd,26.1,37,33.849999999999994,33.849999999999994,33.849999999999994,33.9,-0.05,0.15%,500,-,01-11-2019,2019-11-01,Manufacturing and Allied,Unga Group Ltd
UNGA,02-Oct-20,Unga Group Ltd,26.1,35,30,30,30,30,-,-,300,-,02-10-2020,2020-10-02,Manufacturing and Allied,Unga Group Ltd
UNGA,06-Aug-20,Unga Group Ltd,26.1,35,30,30,30,30,-,-,-,-,06-08-2020,2020-08-06,Manufacturing and Allied,Unga Group Ltd
UNGA,27-Jun-19,Unga Group Ltd,26.1,37,33,33.05,33,33,-,-,"3,100",-,27-06-2019,2019-06-27,Manufacturing and Allied,Unga Group Ltd
UNGA,07-Sep-20,Unga Group Ltd,26.1,35,30,30,30,30,-,-,-,-,07-09-2020,2020-09-07,Manufacturing and Allied,Unga Group Ltd
UNGA,24-Jan-20,Unga Group Ltd,26.1,36.5,31,31,31,31.85,-0.85,2.67%,300,-,24-01-2020,2020-01-24,Manufacturing and Allied,Unga Group Ltd
UNGA,15-Mar-19,Unga Group Ltd,26.1,36.5,33,36,33.25,35,-1.75,5.00%,"1,100",-,15-03-2019,2019-03-15,Manufacturing and Allied,Unga Group Ltd
UNGA,23-Sep-19,Unga Group Ltd,26.1,37,33,35,34,35,-1,2.86%,200,-,23-09-2019,2019-09-23,Manufacturing and Allied,Unga Group Ltd
UNGA,05-Dec-19,Unga Group Ltd,26.1,37,35.449999999999996,35.449999999999996,35.449999999999996,32.349999999999994,3.1,9.58%,100,-,05-12-2019,2019-12-05,Manufacturing and Allied,Unga Group Ltd
UNGA,09-Jul-19,Unga Group Ltd,26.1,37,36.349999999999994,36.349999999999994,36.349999999999994,36.349999999999994,-,-,-,-,09-07-2019,2019-07-09,Manufacturing and Allied,Unga Group Ltd
UNGA,18-Feb-20,Unga Group Ltd,26.1,37,31,31,31,31,-,-,-,-,18-02-2020,2020-02-18,Manufacturing and Allied,Unga Group Ltd
UNGA,20-Mar-19,Unga Group Ltd,26.1,37,33,33,33,33.25,-0.25,0.75%,100,-,20-03-2019,2019-03-20,Manufacturing and Allied,Unga Group Ltd
UNGA,06-Feb-19,Unga Group Ltd,26.1,37,36,36,36,36,-,-,-,-,06-02-2019,2019-02-06,Manufacturing and Allied,Unga Group Ltd
UNGA,24-Dec-19,Unga Group Ltd,26.1,37,33.75,33.75,33.75,33.75,-,-,-,-,24-12-2019,2019-12-24,Manufacturing and Allied,Unga Group Ltd
UNGA,18-Jun-20,Unga Group Ltd,26.1,36.5,29.45,29.45,29.45,29.45,-,-,-,-,18-06-2020,2020-06-18,Manufacturing and Allied,Unga Group Ltd
UNGA,02-Oct-19,Unga Group Ltd,26.1,37,33,35,34.6,34,0.6,1.76%,500,-,02-10-2019,2019-10-02,Manufacturing and Allied,Unga Group Ltd
UNGA,24-Nov-20,Unga Group Ltd,26.1,34.05,30.05,30.05,30.05,30.05,-,-,-,-,24-11-2020,2020-11-24,Manufacturing and Allied,Unga Group Ltd
UNGA,04-Mar-19,Unga Group Ltd,26.1,37,38,38,38,36.8,1.2,3.26%,"1,000",-,04-03-2019,2019-03-04,Manufacturing and Allied,Unga Group Ltd
UNGA,18-Mar-20,Unga Group Ltd,26.1,37,29,29,29,29,-,-,-,-,18-03-2020,2020-03-18,Manufacturing and Allied,Unga Group Ltd
UNGA,12-May-20,Unga Group Ltd,26.1,37,28.1,28.1,28.1,28.1,-,-,100,-,12-05-2020,2020-05-12,Manufacturing and Allied,Unga Group Ltd
UNGA,06-Sep-19,Unga Group Ltd,26.1,37,32,32,32,35,-3,8.57%,"1,000",-,06-09-2019,2019-09-06,Manufacturing and Allied,Unga Group Ltd
UNGA,12-Apr-19,Unga Group Ltd,26.1,37,31.1,31.1,31.1,31.1,-,-,-,-,12-04-2019,2019-04-12,Manufacturing and Allied,Unga Group Ltd
UNGA,19-Dec-19,Unga Group Ltd,26.1,37,31.5,31.5,31.5,34,-2.5,7.35%,100,-,19-12-2019,2019-12-19,Manufacturing and Allied,Unga Group Ltd
UNGA,23-Jan-20,Unga Group Ltd,26.1,37,31.85,31.85,31.85,31.95,-0.1,0.31%,"1,900",-,23-01-2020,2020-01-23,Manufacturing and Allied,Unga Group Ltd
UNGA,16-Mar-20,Unga Group Ltd,26.1,37,29,29,29,30.3,-1.3,4.29%,100,-,16-03-2020,2020-03-16,Manufacturing and Allied,Unga Group Ltd
UNGA,25-Mar-20,Unga Group Ltd,26.1,37,29,29,29,29,-,-,-,-,25-03-2020,2020-03-25,Manufacturing and Allied,Unga Group Ltd
UNGA,30-Jul-20,Unga Group Ltd,26.1,35,30,30,30,30,-,-,-,-,30-07-2020,2020-07-30,Manufacturing and Allied,Unga Group Ltd
UNGA,08-Jul-19,Unga Group Ltd,26.1,36.5,36.349999999999994,36.349999999999994,36.349999999999994,33.05,3.3,9.98%,200,-,08-07-2019,2019-07-08,Manufacturing and Allied,Unga Group Ltd
UNGA,02-Apr-19,Unga Group Ltd,26.1,37,33.2,33.2,33.2,33.1,0.1,0.30%,200,-,02-04-2019,2019-04-02,Manufacturing and Allied,Unga Group Ltd
UNGA,05-Oct-20,Unga Group Ltd,26.1,35,30,30,30,30,-,-,-,-,05-10-2020,2020-10-05,Manufacturing and Allied,Unga Group Ltd
UNGA,25-Sep-19,Unga Group Ltd,26.1,37,34,34,34,34,-,-,200,-,25-09-2019,2019-09-25,Manufacturing and Allied,Unga Group Ltd
UNGA,31-Oct-19,Unga Group Ltd,26.1,37,33.9,33.9,33.9,33.9,-,-,-,-,31-10-2019,2019-10-31,Manufacturing and Allied,Unga Group Ltd
UNGA,04-Feb-20,Unga Group Ltd,26.1,37,33,33,33,33,-,-,-,-,04-02-2020,2020-02-04,Manufacturing and Allied,Unga Group Ltd
UNGA,07-Feb-20,Unga Group Ltd,26.1,37,30.1,30.1,30.1,33,-2.9,8.79%,100,-,07-02-2020,2020-02-07,Manufacturing and Allied,Unga Group Ltd
UNGA,04-Jan-19,Unga Group Ltd,26.1,37,36,39,36.3,36.5,-0.2,0.55%,"2,800",-,04-01-2019,2019-01-04,Manufacturing and Allied,Unga Group Ltd
UNGA,11-Aug-20,Unga Group Ltd,26.1,35,30,30,30,30,-,-,-,-,11-08-2020,2020-08-11,Manufacturing and Allied,Unga Group Ltd
UNGA,09-Apr-20,Unga Group Ltd,26.1,37,26.1,26.1,26.1,26.1,-,-,-,-,09-04-2020,2020-04-09,Manufacturing and Allied,Unga Group Ltd
UNGA,31-Jan-19,Unga Group Ltd,26.1,37,38.25,38.25,38.25,38.25,-,-,-,-,31-01-2019,2019-01-31,Manufacturing and Allied,Unga Group Ltd
UNGA,18-Oct-19,Unga Group Ltd,26.1,37,34.5,34.5,34.5,31.5,3,9.52%,100,-,18-10-2019,2019-10-18,Manufacturing and Allied,Unga Group Ltd
UNGA,23-Jul-20,Unga Group Ltd,26.1,34.05,28,28,28,28,-,-,-,-,23-07-2020,2020-07-23,Manufacturing and Allied,Unga Group Ltd
UNGA,11-Nov-19,Unga Group Ltd,26.1,37,33,33,33,33,-,-,-,-,11-11-2019,2019-11-11,Manufacturing and Allied,Unga Group Ltd
UNGA,23-Dec-19,Unga Group Ltd,26.1,36.5,33.75,33.75,33.75,31.6,2.15,6.80%,500,-,23-12-2019,2019-12-23,Manufacturing and Allied,Unga Group Ltd
UNGA,11-Feb-19,Unga Group Ltd,26.1,37,36.1,36.1,36.1,36.1,-,-,-,-,11-02-2019,2019-02-11,Manufacturing and Allied,Unga Group Ltd
UNGA,18-May-20,Unga Group Ltd,26.1,36.5,30,30,30,28.1,1.9,6.76%,500,-,18-05-2020,2020-05-18,Manufacturing and Allied,Unga Group Ltd
UNGA,24-Dec-20,Unga Group Ltd,26.1,34.05,31.5,31.5,31.5,31.5,-,-,-,-,24-12-2020,2020-12-24,Manufacturing and Allied,Unga Group Ltd
UNGA,31-Aug-20,Unga Group Ltd,26.1,35,33,33,33,33,-,-,1000,-,31-08-2020,2020-08-31,Manufacturing and Allied,Unga Group Ltd
UNGA,02-Sep-19,Unga Group Ltd,26.1,37,35,35,35,35.75,-0.75,2.10%,"1,000",-,02-09-2019,2019-09-02,Manufacturing and Allied,Unga Group Ltd
UNGA,25-Oct-19,Unga Group Ltd,26.1,37,33.5,34,33.9,32.9,1,3.04%,500,-,25-10-2019,2019-10-25,Manufacturing and Allied,Unga Group Ltd
UNGA,26-Nov-20,Unga Group Ltd,26.1,34.05,30,30.05,30,30.05,-0.05,0.17%,4100,-,26-11-2020,2020-11-26,Manufacturing and Allied,Unga Group Ltd
UNGA,13-Feb-19,Unga Group Ltd,26.1,36.5,36.1,36.1,36.1,36.1,-,-,"2,100",-,13-02-2019,2019-02-13,Manufacturing and Allied,Unga Group Ltd
UNGA,14-Aug-20,Unga Group Ltd,26.1,34.05,32.7,32.7,32.7,32.7,-,-,-,-,14-08-2020,2020-08-14,Manufacturing and Allied,Unga Group Ltd
UNGA,17-Jun-20,Unga Group Ltd,26.1,37,29.45,29.45,29.45,29.45,-,-,-,-,17-06-2020,2020-06-17,Manufacturing and Allied,Unga Group Ltd
UNGA,17-Aug-20,Unga Group Ltd,26.1,34.05,32.7,32.7,32.7,32.7,-,-,-,-,17-08-2020,2020-08-17,Manufacturing and Allied,Unga Group Ltd
UNGA,01-Sep-20,Unga Group Ltd,26.1,35,33,33,33,33,-,-,-,-,01-09-2020,2020-09-01,Manufacturing and Allied,Unga Group Ltd
UNGA,13-Jun-19,Unga Group Ltd,26.1,37,38,38,38,35.5,2.5,7.04%,500,-,13-06-2019,2019-06-13,Manufacturing and Allied,Unga Group Ltd
UNGA,15-May-19,Unga Group Ltd,26.1,36.5,34,34,34,33.75,0.25,0.74%,"1,500",-,15-05-2019,2019-05-15,Manufacturing and Allied,Unga Group Ltd
UNGA,01-Mar-19,Unga Group Ltd,26.1,37,36.2,38,36.8,36.2,0.6,1.66%,"1,500",-,01-03-2019,2019-03-01,Manufacturing and Allied,Unga Group Ltd
UNGA,07-Dec-20,Unga Group Ltd,26.1,35,31,31,31,31,-,-,-,-,07-12-2020,2020-12-07,Manufacturing and Allied,Unga Group Ltd
UNGA,06-Oct-20,Unga Group Ltd,26.1,35,30,30,30,30,-,-,500,-,06-10-2020,2020-10-06,Manufacturing and Allied,Unga Group Ltd
UNGA,28-May-20,Unga Group Ltd,26.1,37,27.4,27.4,27.4,27.4,-,-,-,-,28-05-2020,2020-05-28,Manufacturing and Allied,Unga Group Ltd
UNGA,25-Nov-19,Unga Group Ltd,26.1,37,34.05,34.05,34.05,34.05,-,-,-,-,25-11-2019,2019-11-25,Manufacturing and Allied,Unga Group Ltd
UNGA,10-Jul-20,Unga Group Ltd,26.1,34.05,29.85,29.85,29.85,29.85,-,-,-,-,10-07-2020,2020-07-10,Manufacturing and Allied,Unga Group Ltd
UNGA,14-Jul-20,Unga Group Ltd,26.1,34.05,28.05,28.05,28.05,28.05,-,-,400,-,14-07-2020,2020-07-14,Manufacturing and Allied,Unga Group Ltd
UNGA,07-Aug-19,Unga Group Ltd,26.1,37,32.9,32.9,32.9,32.9,-,-,-,-,07-08-2019,2019-08-07,Manufacturing and Allied,Unga Group Ltd
UNGA,29-Oct-19,Unga Group Ltd,26.1,37,33.9,33.9,33.9,33.9,-,-,-,-,29-10-2019,2019-10-29,Manufacturing and Allied,Unga Group Ltd
UNGA,07-Mar-19,Unga Group Ltd,26.1,36.5,35,35,35,35,-,-,-,-,07-03-2019,2019-03-07,Manufacturing and Allied,Unga Group Ltd
UNGA,13-Sep-19,Unga Group Ltd,26.1,37,31.5,32,31.9,32,-0.1,0.31%,500,-,13-09-2019,2019-09-13,Manufacturing and Allied,Unga Group Ltd
UNGA,17-Dec-20,Unga Group Ltd,26.1,34.05,31,31,31,30,1,3.33%,100,-,17-12-2020,2020-12-17,Manufacturing and Allied,Unga Group Ltd
UNGA,29-Apr-20,Unga Group Ltd,26.1,37,28,28,28,28,-,-,-,-,29-04-2020,2020-04-29,Manufacturing and Allied,Unga Group Ltd
UNGA,06-May-19,Unga Group Ltd,26.1,37,35,35,35,34.3,0.7,2.04%,100,-,06-05-2019,2019-05-06,Manufacturing and Allied,Unga Group Ltd
UNGA,02-Jan-20,Unga Group Ltd,26.1,37,34,34,34,34,-,-,-,-,02-01-2020,2020-01-02,Manufacturing and Allied,Unga Group Ltd
UNGA,04-Sep-19,Unga Group Ltd,26.1,37,35,35,35,35,-,-,100,-,04-09-2019,2019-09-04,Manufacturing and Allied,Unga Group Ltd
UNGA,31-Dec-19,Unga Group Ltd,26.1,37,34,34,34,34,-,-,-,-,31-12-2019,2019-12-31,Manufacturing and Allied,Unga Group Ltd
UNGA,08-Aug-19,Unga Group Ltd,26.1,37,32.9,32.9,32.9,32.9,-,-,-,-,08-08-2019,2019-08-08,Manufacturing and Allied,Unga Group Ltd
UNGA,08-Mar-19,Unga Group Ltd,26.1,36.5,36,36,36,35,1,2.86%,"2,000",-,08-03-2019,2019-03-08,Manufacturing and Allied,Unga Group Ltd
UNGA,05-Aug-20,Unga Group Ltd,26.1,35,30,30,30,30,-,-,-,-,05-08-2020,2020-08-05,Manufacturing and Allied,Unga Group Ltd
UNGA,22-Jun-20,Unga Group Ltd,26.1,36.5,28.75,28.75,28.75,28.75,-,-,-,-,22-06-2020,2020-06-22,Manufacturing and Allied,Unga Group Ltd
UNGA,27-Oct-20,Unga Group Ltd,26.1,34.05,30,30,30,30,-,-,-,-,27-10-2020,2020-10-27,Manufacturing and Allied,Unga Group Ltd
UNGA,28-Aug-20,Unga Group Ltd,26.1,35,33,33,33,33,-,-,-,-,28-08-2020,2020-08-28,Manufacturing and Allied,Unga Group Ltd
UNGA,20-Sep-19,Unga Group Ltd,26.1,37,35,35,35,31.9,3.1,9.72%,200,-,20-09-2019,2019-09-20,Manufacturing and Allied,Unga Group Ltd
UNGA,27-Jan-20,Unga Group Ltd,26.1,36.5,31,31,31,31,-,-,-,-,27-01-2020,2020-01-27,Manufacturing and Allied,Unga Group Ltd
UNGA,30-Jan-19,Unga Group Ltd,26.1,36.5,37.5,39,38.25,39,-0.75,1.92%,200,-,30-01-2019,2019-01-30,Manufacturing and Allied,Unga Group Ltd
UNGA,24-Jul-20,Unga Group Ltd,26.1,35,30,30,30,28,2,7.14%,200,-,24-07-2020,2020-07-24,Manufacturing and Allied,Unga Group Ltd
UNGA,22-Apr-20,Unga Group Ltd,26.1,37,29,29,29,29,-,-,"1,800",-,22-04-2020,2020-04-22,Manufacturing and Allied,Unga Group Ltd
UNGA,11-Oct-19,Unga Group Ltd,26.1,37,31.55,31.55,31.55,31.55,-,-,-,-,11-10-2019,2019-10-11,Manufacturing and Allied,Unga Group Ltd
UNGA,21-Jul-20,Unga Group Ltd,26.1,34.05,28.05,28.05,28.05,28.05,-,-,-,-,21-07-2020,2020-07-21,Manufacturing and Allied,Unga Group Ltd
UNGA,03-Sep-19,Unga Group Ltd,26.1,36.5,35,35,35,35,-,-,200,-,03-09-2019,2019-09-03,Manufacturing and Allied,Unga Group Ltd
UNGA,28-Aug-19,Unga Group Ltd,26.1,37,36,36,36,36,-,-,-,-,28-08-2019,2019-08-28,Manufacturing and Allied,Unga Group Ltd
UNGA,23-Sep-20,Unga Group Ltd,26.1,34.05,30.05,30.05,30.05,30.05,-,-,-,-,23-09-2020,2020-09-23,Manufacturing and Allied,Unga Group Ltd
UNGA,14-Mar-19,Unga Group Ltd,26.1,37,35,35,35,35,-,-,-,-,14-03-2019,2019-03-14,Manufacturing and Allied,Unga Group Ltd
UNGA,14-Feb-19,Unga Group Ltd,26.1,37,36.2,36.25,36.2,36.1,0.1,0.28%,"3,900",-,14-02-2019,2019-02-14,Manufacturing and Allied,Unga Group Ltd
UNGA,04-Apr-19,Unga Group Ltd,26.1,36.5,33.2,33.2,33.2,33.2,-,-,-,-,04-04-2019,2019-04-04,Manufacturing and Allied,Unga Group Ltd
UNGA,06-Jan-20,Unga Group Ltd,26.1,37,33.8,33.8,33.8,33.8,-,-,-,-,06-01-2020,2020-01-06,Manufacturing and Allied,Unga Group Ltd
UNGA,22-Jan-20,Unga Group Ltd,26.1,37,31.95,31.95,31.95,31.95,-,-,-,-,22-01-2020,2020-01-22,Manufacturing and Allied,Unga Group Ltd
UNGA,03-Oct-19,Unga Group Ltd,26.1,37,34.6,34.6,34.6,34.6,-,-,-,-,03-10-2019,2019-10-03,Manufacturing and Allied,Unga Group Ltd
UNGA,18-Dec-20,Unga Group Ltd,26.1,34.05,31,31,31,31,-,-,-,-,18-12-2020,2020-12-18,Manufacturing and Allied,Unga Group Ltd
UNGA,15-Jan-19,Unga Group Ltd,26.1,37,38.5,38.5,38.5,38.5,-,-,-,-,15-01-2019,2019-01-15,Manufacturing and Allied,Unga Group Ltd
UNGA,21-Dec-20,Unga Group Ltd,26.1,34.05,31,31,31,31,-,-,-,-,21-12-2020,2020-12-21,Manufacturing and Allied,Unga Group Ltd
UNGA,16-Jul-19,Unga Group Ltd,26.1,37,36,36,36,36,-,-,-,-,16-07-2019,2019-07-16,Manufacturing and Allied,Unga Group Ltd
UNGA,08-Jan-20,Unga Group Ltd,26.1,37,32,32,32,32,-,-,-,-,08-01-2020,2020-01-08,Manufacturing and Allied,Unga Group Ltd
UNGA,06-Dec-19,Unga Group Ltd,26.1,36.5,33,33,33,35.449999999999996,-2.45,6.91%,100,-,06-12-2019,2019-12-06,Manufacturing and Allied,Unga Group Ltd
UNGA,17-Jul-19,Unga Group Ltd,26.1,37,37,37,37,36,1,2.78%,100,-,17-07-2019,2019-07-17,Manufacturing and Allied,Unga Group Ltd
UNGA,03-Dec-19,Unga Group Ltd,26.1,37,32.75,32.75,32.75,32.75,-,-,-,-,03-12-2019,2019-12-03,Manufacturing and Allied,Unga Group Ltd
UNGA,30-Sep-19,Unga Group Ltd,26.1,37,34,34,34,34,-,-,-,-,30-09-2019,2019-09-30,Manufacturing and Allied,Unga Group Ltd
UNGA,23-Jan-19,Unga Group Ltd,26.1,37,38.75,38.75,38.75,38.75,-,-,-,-,23-01-2019,2019-01-23,Manufacturing and Allied,Unga Group Ltd
UNGA,21-Jan-20,Unga Group Ltd,26.1,37,31.95,31.95,31.95,31.95,-,-,-,-,21-01-2020,2020-01-21,Manufacturing and Allied,Unga Group Ltd
UNGA,13-May-20,Unga Group Ltd,26.1,37,28.1,28.1,28.1,28.1,-,-,-,-,13-05-2020,2020-05-13,Manufacturing and Allied,Unga Group Ltd
UNGA,21-Aug-19,Unga Group Ltd,26.1,36.5,36,36,36,33,3,9.09%,200,-,21-08-2019,2019-08-21,Manufacturing and Allied,Unga Group Ltd
UNGA,04-Jun-20,Unga Group Ltd,26.1,37,27.4,27.4,27.4,27.4,-,-,-,-,04-06-2020,2020-06-04,Manufacturing and Allied,Unga Group Ltd
UNGA,06-Jun-19,Unga Group Ltd,26.1,37,37.25,37.25,37.25,37.25,-,-,-,-,06-06-2019,2019-06-06,Manufacturing and Allied,Unga Group Ltd
UNGA,08-May-19,Unga Group Ltd,26.1,37,31.5,31.5,31.5,31.5,-,-,-,-,08-05-2019,2019-05-08,Manufacturing and Allied,Unga Group Ltd
UNGA,30-Jun-20,Unga Group Ltd,26.1,37,29.8,29.8,29.8,29.1,0.7,2.41%,100,-,30-06-2020,2020-06-30,Manufacturing and Allied,Unga Group Ltd
UNGA,28-Apr-20,Unga Group Ltd,26.1,37,28,28,28,29,-1,3.45%,200,-,28-04-2020,2020-04-28,Manufacturing and Allied,Unga Group Ltd
UNGA,19-Aug-20,Unga Group Ltd,26.1,34.05,32.7,32.7,32.7,32.7,-,-,-,-,19-08-2020,2020-08-19,Manufacturing and Allied,Unga Group Ltd
UNGA,15-May-20,Unga Group Ltd,26.1,36.5,28.1,28.1,28.1,28.1,-,-,-,-,15-05-2020,2020-05-15,Manufacturing and Allied,Unga Group Ltd
UNGA,05-Feb-20,Unga Group Ltd,26.1,37,33,33,33,33,-,-,100,-,05-02-2020,2020-02-05,Manufacturing and Allied,Unga Group Ltd
UNGA,30-Jul-19,Unga Group Ltd,26.1,37,36.5,36.5,36.5,36.5,-,-,-,-,30-07-2019,2019-07-30,Manufacturing and Allied,Unga Group Ltd
UNGA,16-Aug-19,Unga Group Ltd,26.1,36.5,32.9,32.9,32.9,32.9,-,-,200,-,16-08-2019,2019-08-16,Manufacturing and Allied,Unga Group Ltd
UNGA,22-Nov-19,Unga Group Ltd,26.1,37,34.05,34.05,34.05,34.05,-,-,"3,000",-,22-11-2019,2019-11-22,Manufacturing and Allied,Unga Group Ltd
UNGA,07-Feb-19,Unga Group Ltd,26.1,36.5,36,36,36,36,-,-,-,-,07-02-2019,2019-02-07,Manufacturing and Allied,Unga Group Ltd
UNGA,30-Sep-20,Unga Group Ltd,26.1,35,30,30,30,30,-,-,800,-,30-09-2020,2020-09-30,Manufacturing and Allied,Unga Group Ltd
UNGA,26-Feb-20,Unga Group Ltd,26.1,37,31,31,31,31,-,-,-,-,26-02-2020,2020-02-26,Manufacturing and Allied,Unga Group Ltd
UNGA,14-Oct-20,Unga Group Ltd,26.1,35,30.650000000000002,30.650000000000002,30.650000000000002,30.650000000000002,-,-,100,-,14-10-2020,2020-10-14,Manufacturing and Allied,Unga Group Ltd
UNGA,23-Apr-20,Unga Group Ltd,26.1,37,29,29,29,29,-,-,100,-,23-04-2020,2020-04-23,Manufacturing and Allied,Unga Group Ltd
UNGA,19-Jul-19,Unga Group Ltd,26.1,37,37,37,37,37,-,-,-,-,19-07-2019,2019-07-19,Manufacturing and Allied,Unga Group Ltd
UNGA,02-Sep-20,Unga Group Ltd,26.1,35,33,33,33,33,-,-,2000,-,02-09-2020,2020-09-02,Manufacturing and Allied,Unga Group Ltd
UNGA,11-Nov-20,Unga Group Ltd,26.1,35,30.05,30.05,30.05,30.05,-,-,-,-,11-11-2020,2020-11-11,Manufacturing and Allied,Unga Group Ltd
UNGA,26-Nov-19,Unga Group Ltd,26.1,37,35,35,35,34.05,0.95,2.79%,100,-,26-11-2019,2019-11-26,Manufacturing and Allied,Unga Group Ltd
UNGA,07-Jun-19,Unga Group Ltd,26.1,37,37.25,37.25,37.25,37.25,-,-,-,-,07-06-2019,2019-06-07,Manufacturing and Allied,Unga Group Ltd
UNGA,06-Jul-20,Unga Group Ltd,26.1,35,29.85,29.85,29.85,29.85,-,-,-,-,06-07-2020,2020-07-06,Manufacturing and Allied,Unga Group Ltd
UNGA,25-Jul-19,Unga Group Ltd,26.1,37,36.5,36.5,36.5,36.5,-,-,300,-,25-07-2019,2019-07-25,Manufacturing and Allied,Unga Group Ltd
UNGA,29-Mar-19,Unga Group Ltd,26.1,37,33.1,33.1,33.1,33.1,-,-,-,-,29-03-2019,2019-03-29,Manufacturing and Allied,Unga Group Ltd
UNGA,01-Apr-20,Unga Group Ltd,26.1,37,29,29,29,29,-,-,-,-,01-04-2020,2020-04-01,Manufacturing and Allied,Unga Group Ltd
UNGA,23-Dec-20,Unga Group Ltd,26.1,34.05,31.5,31.5,31.5,31,0.5,1.61%,400,-,23-12-2020,2020-12-23,Manufacturing and Allied,Unga Group Ltd
UNGA,15-Oct-20,Unga Group Ltd,26.1,35,30.650000000000002,30.650000000000002,30.650000000000002,30.650000000000002,-,-,-,-,15-10-2020,2020-10-15,Manufacturing and Allied,Unga Group Ltd
UNGA,12-Nov-19,Unga Group Ltd,26.1,37,33,33,33,33,-,-,-,-,12-11-2019,2019-11-12,Manufacturing and Allied,Unga Group Ltd
UNGA,08-Jul-20,Unga Group Ltd,26.1,35,29.85,29.85,29.85,29.85,-,-,300,-,08-07-2020,2020-07-08,Manufacturing and Allied,Unga Group Ltd
UNGA,08-May-20,Unga Group Ltd,26.1,36.5,28.1,28.1,28.1,28.150000000000002,-0.05,0.18%,"5,900",-,08-05-2020,2020-05-08,Manufacturing and Allied,Unga Group Ltd
UNGA,02-Dec-19,Unga Group Ltd,26.1,37,31.650000000000002,35.5,32.75,35.1,-2.35,6.70%,"1,400",-,02-12-2019,2019-12-02,Manufacturing and Allied,Unga Group Ltd
UNGA,16-Sep-20,Unga Group Ltd,26.1,34.05,30.5,32,30.650000000000002,30,0.65,2.17%,1100,-,16-09-2020,2020-09-16,Manufacturing and Allied,Unga Group Ltd
UNGA,28-Oct-20,Unga Group Ltd,26.1,35,30,30,30,30,-,-,-,-,28-10-2020,2020-10-28,Manufacturing and Allied,Unga Group Ltd
UNGA,20-Jan-20,Unga Group Ltd,26.1,37,31.95,31.95,31.95,34.65,-2.7,7.79%,100,-,20-01-2020,2020-01-20,Manufacturing and Allied,Unga Group Ltd
UNGA,23-Nov-20,Unga Group Ltd,26.1,34.05,30.05,30.05,30.05,30.05,-,-,-,-,23-11-2020,2020-11-23,Manufacturing and Allied,Unga Group Ltd
UNGA,12-Jun-20,Unga Group Ltd,26.1,36.5,28.8,28.8,28.8,28.8,-,-,-,-,12-06-2020,2020-06-12,Manufacturing and Allied,Unga Group Ltd
UNGA,29-Dec-20,Unga Group Ltd,26.1,34.05,31.8,31.8,31.8,31.5,0.3,0.95%,100,-,29-12-2020,2020-12-29,Manufacturing and Allied,Unga Group Ltd
UNGA,28-Jan-20,Unga Group Ltd,26.1,36.5,31,31,31,31,-,-,-,-,28-01-2020,2020-01-28,Manufacturing and Allied,Unga Group Ltd
UNGA,13-Jul-20,Unga Group Ltd,26.1,35,28.05,28.05,28.05,29.85,-1.8,6.03%,100,-,13-07-2020,2020-07-13,Manufacturing and Allied,Unga Group Ltd
UNGA,24-Jan-19,Unga Group Ltd,26.1,37,38.75,38.75,38.75,38.75,-,-,-,-,24-01-2019,2019-01-24,Manufacturing and Allied,Unga Group Ltd
UNGA,24-Jun-20,Unga Group Ltd,26.1,36.5,29.45,29.45,29.45,28.75,0.7,2.43%,"1,200",-,24-06-2020,2020-06-24,Manufacturing and Allied,Unga Group Ltd
UNGA,12-Mar-20,Unga Group Ltd,26.1,37,31,32.5,31.9,30,1.9,6.33%,500,-,12-03-2020,2020-03-12,Manufacturing and Allied,Unga Group Ltd
UNGA,06-Nov-19,Unga Group Ltd,26.1,37,34,34,34,34,-,-,600,-,06-11-2019,2019-11-06,Manufacturing and Allied,Unga Group Ltd
UNGA,22-Feb-19,Unga Group Ltd,26.1,36.5,37,39,38.4,36.8,1.6,4.35%,700,-,22-02-2019,2019-02-22,Manufacturing and Allied,Unga Group Ltd
UNGA,03-Feb-20,Unga Group Ltd,26.1,37,33,33,33,32,1,3.13%,100,-,03-02-2020,2020-02-03,Manufacturing and Allied,Unga Group Ltd
UNGA,11-May-20,Unga Group Ltd,26.1,37,28.1,28.1,28.1,28.1,-,-,-,-,11-05-2020,2020-05-11,Manufacturing and Allied,Unga Group Ltd
UNGA,08-Nov-19,Unga Group Ltd,26.1,37,33,33,33,34,-1,2.94%,"1,900",-,08-11-2019,2019-11-08,Manufacturing and Allied,Unga Group Ltd
UNGA,25-Jun-20,Unga Group Ltd,26.1,37,29,29,29,29.45,-0.45,1.53%,"2,000",-,25-06-2020,2020-06-25,Manufacturing and Allied,Unga Group Ltd
UNGA,19-Mar-20,Unga Group Ltd,26.1,37,29,29,29,29,-,-,-,-,19-03-2020,2020-03-19,Manufacturing and Allied,Unga Group Ltd
UNGA,19-Oct-20,Unga Group Ltd,26.1,34.05,30.650000000000002,30.650000000000002,30.650000000000002,30.650000000000002,-,-,-,-,19-10-2020,2020-10-19,Manufacturing and Allied,Unga Group Ltd
UNGA,04-Feb-19,Unga Group Ltd,26.1,36.5,38.25,38.25,38.25,38.25,-,-,-,-,04-02-2019,2019-02-04,Manufacturing and Allied,Unga Group Ltd
UNGA,09-Oct-19,Unga Group Ltd,26.1,37,31.55,31.55,31.55,31.55,-,-,-,-,09-10-2019,2019-10-09,Manufacturing and Allied,Unga Group Ltd
UNGA,25-Feb-19,Unga Group Ltd,26.1,36.5,36.2,36.2,36.2,38.4,-2.2,5.73%,800,-,25-02-2019,2019-02-25,Manufacturing and Allied,Unga Group Ltd
UNGA,24-Apr-20,Unga Group Ltd,26.1,37,29,29,29,29,-,-,-,-,24-04-2020,2020-04-24,Manufacturing and Allied,Unga Group Ltd
UNGA,13-Nov-19,Unga Group Ltd,26.1,37,33,33,33,33,-,-,800,-,13-11-2019,2019-11-13,Manufacturing and Allied,Unga Group Ltd
UNGA,22-May-19,Unga Group Ltd,26.1,37,34,34,34,34.1,-0.1,0.29%,500,-,22-05-2019,2019-05-22,Manufacturing and Allied,Unga Group Ltd
UNGA,28-Feb-19,Unga Group Ltd,26.1,37,36.2,36.2,36.2,36.2,-,-,"1,200",-,28-02-2019,2019-02-28,Manufacturing and Allied,Unga Group Ltd
UNGA,26-Jun-20,Unga Group Ltd,26.1,37,29,29,29,29,-,-,-,-,26-06-2020,2020-06-26,Manufacturing and Allied,Unga Group Ltd
UNGA,27-Feb-20,Unga Group Ltd,26.1,37,31,31,31,31,-,-,-,-,27-02-2020,2020-02-27,Manufacturing and Allied,Unga Group Ltd
UNGA,07-Jan-20,Unga Group Ltd,26.1,37,32,32,32,33.8,-1.8,5.33%,100,-,07-01-2020,2020-01-07,Manufacturing and Allied,Unga Group Ltd
UNGA,17-Jan-20,Unga Group Ltd,26.1,37,32.949999999999996,35,34.65,32.5,2.15,6.62%,"2,000",-,17-01-2020,2020-01-17,Manufacturing and Allied,Unga Group Ltd
UNGA,28-Oct-19,Unga Group Ltd,26.1,36.5,33.9,33.9,33.9,33.9,-,-,-,-,28-10-2019,2019-10-28,Manufacturing and Allied,Unga Group Ltd
UNGA,03-Mar-20,Unga Group Ltd,26.1,37,31,31,31,31,-,-,-,-,03-03-2020,2020-03-03,Manufacturing and Allied,Unga Group Ltd
UNGA,30-Oct-20,Unga Group Ltd,26.1,35,30,30,30,30,-,-,-,-,30-10-2020,2020-10-30,Manufacturing and Allied,Unga Group Ltd
UNGA,04-Mar-20,Unga Group Ltd,26.1,37,31,31,31,31,-,-,-,-,04-03-2020,2020-03-04,Manufacturing and Allied,Unga Group Ltd
UNGA,02-Mar-20,Unga Group Ltd,26.1,37,31,31,31,31,-,-,-,-,02-03-2020,2020-03-02,Manufacturing and Allied,Unga Group Ltd
UNGA,23-Jun-20,Unga Group Ltd,26.1,36.5,28.75,28.75,28.75,28.75,-,-,-,-,23-06-2020,2020-06-23,Manufacturing and Allied,Unga Group Ltd
UNGA,01-Oct-20,Unga Group Ltd,26.1,35,30,30,30,30,-,-,-,-,01-10-2020,2020-10-01,Manufacturing and Allied,Unga Group Ltd
UNGA,03-Jun-20,Unga Group Ltd,26.1,37,27.4,27.4,27.4,27.4,-,-,-,-,03-06-2020,2020-06-03,Manufacturing and Allied,Unga Group Ltd
UNGA,04-Nov-19,Unga Group Ltd,26.1,37,33,33.949999999999996,33.5,33.849999999999994,-0.35,1.03%,"1,400",-,04-11-2019,2019-11-04,Manufacturing and Allied,Unga Group Ltd
UNGA,09-Mar-20,Unga Group Ltd,26.1,37,32.5,32.5,32.5,32.5,-,-,-,-,09-03-2020,2020-03-09,Manufacturing and Allied,Unga Group Ltd
UNGA,24-Mar-20,Unga Group Ltd,26.1,37,29,29,29,29,-,-,-,-,24-03-2020,2020-03-24,Manufacturing and Allied,Unga Group Ltd
UNGA,28-Feb-20,Unga Group Ltd,26.1,37,31,31,31,31,-,-,-,-,28-02-2020,2020-02-28,Manufacturing and Allied,Unga Group Ltd
UNGA,15-Sep-20,Unga Group Ltd,26.1,34.05,30,30,30,30,-,-,400,-,15-09-2020,2020-09-15,Manufacturing and Allied,Unga Group Ltd
UNGA,08-Dec-20,Unga Group Ltd,26.1,35,31,31,31,31,-,-,-,-,08-12-2020,2020-12-08,Manufacturing and Allied,Unga Group Ltd
UNGA,15-Jun-20,Unga Group Ltd,26.1,37,28.8,28.8,28.8,28.8,-,-,-,-,15-06-2020,2020-06-15,Manufacturing and Allied,Unga Group Ltd
UNGA,22-Dec-20,Unga Group Ltd,26.1,34.05,31,31,31,31,-,-,-,-,22-12-2020,2020-12-22,Manufacturing and Allied,Unga Group Ltd
UNGA,27-Nov-20,Unga Group Ltd,26.1,35,30,30,30,30,-,-,-,-,27-11-2020,2020-11-27,Manufacturing and Allied,Unga Group Ltd
UNGA,06-Nov-20,Unga Group Ltd,26.1,35,30.05,30.05,30.05,30.05,-,-,-,-,06-11-2020,2020-11-06,Manufacturing and Allied,Unga Group Ltd
UNGA,05-Nov-20,Unga Group Ltd,26.1,35,30.05,30.05,30.05,30.05,-,-,-,-,05-11-2020,2020-11-05,Manufacturing and Allied,Unga Group Ltd
UNGA,13-Nov-20,Unga Group Ltd,26.1,34.05,30.05,30.05,30.05,30.05,-,-,-,-,13-11-2020,2020-11-13,Manufacturing and Allied,Unga Group Ltd
UNGA,12-Nov-20,Unga Group Ltd,26.1,35,30.05,30.05,30.05,30.05,-,-,-,-,12-11-2020,2020-11-12,Manufacturing and Allied,Unga Group Ltd
UNGA,16-Oct-20,Unga Group Ltd,26.1,34.05,30.650000000000002,30.650000000000002,30.650000000000002,30.650000000000002,-,-,-,-,16-10-2020,2020-10-16,Manufacturing and Allied,Unga Group Ltd
UNGA,14-Jan-20,Unga Group Ltd,26.1,37,32,32,32,32,-,-,"1,000",-,14-01-2020,2020-01-14,Manufacturing and Allied,Unga Group Ltd
UNGA,08-Sep-20,Unga Group Ltd,26.1,35,30,30,30,30,-,-,-,-,08-09-2020,2020-09-08,Manufacturing and Allied,Unga Group Ltd
UNGA,18-Sep-19,Unga Group Ltd,26.1,37,31.9,31.9,31.9,31.9,-,-,-,-,18-09-2019,2019-09-18,Manufacturing and Allied,Unga Group Ltd
UNGA,15-Feb-19,Unga Group Ltd,26.1,36.5,36.25,36.25,36.25,36.2,0.05,0.14%,100,-,15-02-2019,2019-02-15,Manufacturing and Allied,Unga Group Ltd
UNGA,11-Dec-20,Unga Group Ltd,26.1,34.05,30,30,30,30,-,-,-,-,11-12-2020,2020-12-11,Manufacturing and Allied,Unga Group Ltd
UNGA,20-Mar-20,Unga Group Ltd,26.1,37,29,29,29,29,-,-,900,-,20-03-2020,2020-03-20,Manufacturing and Allied,Unga Group Ltd
UNGA,17-Jul-20,Unga Group Ltd,26.1,34.05,28.05,28.05,28.05,28.05,-,-,-,-,17-07-2020,2020-07-17,Manufacturing and Allied,Unga Group Ltd
UNGA,02-Jul-20,Unga Group Ltd,26.1,35,29.85,29.85,29.85,29.8,0.05,0.17%,2500,-,02-07-2020,2020-07-02,Manufacturing and Allied,Unga Group Ltd
UNGA,27-Apr-20,Unga Group Ltd,26.1,37,29,29,29,29,-,-,-,-,27-04-2020,2020-04-27,Manufacturing and Allied,Unga Group Ltd
UNGA,14-Nov-19,Unga Group Ltd,26.1,37,33,33,33,33,-,-,300,-,14-11-2019,2019-11-14,Manufacturing and Allied,Unga Group Ltd
UNGA,19-May-20,Unga Group Ltd,26.1,36.5,30,30,30,30,-,-,-,-,19-05-2020,2020-05-19,Manufacturing and Allied,Unga Group Ltd
UNGA,09-Jul-20,Unga Group Ltd,26.1,35,29.85,29.85,29.85,29.85,-,-,-,-,09-07-2020,2020-07-09,Manufacturing and Allied,Unga Group Ltd
UNGA,29-Jan-20,Unga Group Ltd,26.1,37,31,32,31.3,31,0.3,0.97%,"2,200",-,29-01-2020,2020-01-29,Manufacturing and Allied,Unga Group Ltd
UNGA,10-Sep-20,Unga Group Ltd,26.1,35,30,30,30,30,-,-,1500,-,10-09-2020,2020-09-10,Manufacturing and Allied,Unga Group Ltd
UNGA,27-Dec-19,Unga Group Ltd,26.1,37,33.949999999999996,34,34,33.75,0.25,0.74%,500,-,27-12-2019,2019-12-27,Manufacturing and Allied,Unga Group Ltd
UNGA,10-Dec-20,Unga Group Ltd,26.1,35,30,30,30,31,-1,3.23%,100,-,10-12-2020,2020-12-10,Manufacturing and Allied,Unga Group Ltd
UNGA,29-Oct-20,Unga Group Ltd,26.1,35,30,30,30,30,-,-,-,-,29-10-2020,2020-10-29,Manufacturing and Allied,Unga Group Ltd
UNGA,11-Sep-19,Unga Group Ltd,26.1,37,32,32,32,32,-,-,-,-,11-09-2019,2019-09-11,Manufacturing and Allied,Unga Group Ltd
UNGA,03-Sep-20,Unga Group Ltd,26.1,35,30,30,30,33,-3,9.09%,1200,-,03-09-2020,2020-09-03,Manufacturing and Allied,Unga Group Ltd
UNGA,16-Jan-20,Unga Group Ltd,26.1,36.5,32.5,32.5,32.5,32.949999999999996,-0.45,1.37%,"1,000",-,16-01-2020,2020-01-16,Manufacturing and Allied,Unga Group Ltd
UNGA,20-May-20,Unga Group Ltd,26.1,36.5,30,30,30,30,-,-,-,-,20-05-2020,2020-05-20,Manufacturing and Allied,Unga Group Ltd
UNGA,18-Aug-20,Unga Group Ltd,26.1,34.05,32.7,32.7,32.7,32.7,-,-,-,-,18-08-2020,2020-08-18,Manufacturing and Allied,Unga Group Ltd
UNGA,09-Dec-20,Unga Group Ltd,26.1,35,31,31,31,31,-,-,-,-,09-12-2020,2020-12-09,Manufacturing and Allied,Unga Group Ltd
UNGA,07-Nov-19,Unga Group Ltd,26.1,37,34,34,34,34,-,-,100,-,07-11-2019,2019-11-07,Manufacturing and Allied,Unga Group Ltd
UNGA,22-May-20,Unga Group Ltd,26.1,37,30,30,30,30,-,-,"1,800",-,22-05-2020,2020-05-22,Manufacturing and Allied,Unga Group Ltd
UNGA,03-Nov-20,Unga Group Ltd,26.1,35,30,30,30,30,-,-,-,-,03-11-2020,2020-11-03,Manufacturing and Allied,Unga Group Ltd
UNGA,19-Nov-19,Unga Group Ltd,26.1,37,31,31,31,31,-,-,-,-,19-11-2019,2019-11-19,Manufacturing and Allied,Unga Group Ltd
UNGA,19-Jun-20,Unga Group Ltd,26.1,37,27.6,29.45,28.75,29.45,-0.7,2.38%,800,-,19-06-2020,2020-06-19,Manufacturing and Allied,Unga Group Ltd
UNGA,30-Apr-20,Unga Group Ltd,26.1,37,29,30.5,29.2,28,1.2,4.29%,700,-,30-04-2020,2020-04-30,Manufacturing and Allied,Unga Group Ltd
UNGA,28-Dec-20,Unga Group Ltd,26.1,34.05,31.5,31.5,31.5,31.5,-,-,-,-,28-12-2020,2020-12-28,Manufacturing and Allied,Unga Group Ltd
UNGA,06-Mar-20,Unga Group Ltd,26.1,37,32.5,32.5,32.5,31,1.5,4.84%,200,-,06-03-2020,2020-03-06,Manufacturing and Allied,Unga Group Ltd
UNGA,14-May-20,Unga Group Ltd,26.1,37,28.1,28.1,28.1,28.1,-,-,-,-,14-05-2020,2020-05-14,Manufacturing and Allied,Unga Group Ltd
UNGA,09-Oct-20,Unga Group Ltd,26.1,35,30,30,30,30,-,-,-,-,09-10-2020,2020-10-09,Manufacturing and Allied,Unga Group Ltd
UNGA,20-Aug-20,Unga Group Ltd,26.1,34.05,32.7,32.7,32.7,32.7,-,-,-,-,20-08-2020,2020-08-20,Manufacturing and Allied,Unga Group Ltd
UNGA,30-Dec-20,Unga Group Ltd,26.1,35,31.8,31.8,31.8,31.8,-,-,-,-,30-12-2020,2020-12-30,Manufacturing and Allied,Unga Group Ltd
UNGA,29-Jun-20,Unga Group Ltd,26.1,37,29.1,29.1,29.1,29,0.1,0.34%,100,-,29-06-2020,2020-06-29,Manufacturing and Allied,Unga Group Ltd
UNGA,07-Oct-20,Unga Group Ltd,26.1,35,30,30,30,30,-,-,-,-,07-10-2020,2020-10-07,Manufacturing and Allied,Unga Group Ltd
UNGA,09-Jan-20,Unga Group Ltd,26.1,37,32,32,32,32,-,-,-,-,09-01-2020,2020-01-09,Manufacturing and Allied,Unga Group Ltd
UNGA,12-Oct-20,Unga Group Ltd,26.1,35,30,30,30,30,-,-,2500,-,12-10-2020,2020-10-12,Manufacturing and Allied,Unga Group Ltd
UNGA,21-Aug-20,Unga Group Ltd,26.1,35,32.7,32.7,32.7,32.7,-,-,-,-,21-08-2020,2020-08-21,Manufacturing and Allied,Unga Group Ltd
UNGA,01-Jul-20,Unga Group Ltd,26.1,35,29.8,29.8,29.8,29.8,-,-,-,-,01-07-2020,2020-07-01,Manufacturing and Allied,Unga Group Ltd
UNGA,07-Jul-20,Unga Group Ltd,26.1,35,29.85,29.85,29.85,29.85,-,-,-,-,07-07-2020,2020-07-07,Manufacturing and Allied,Unga Group Ltd
UNGA,26-May-20,Unga Group Ltd,26.1,37,27,27,27,30,-3,10.00%,200,-,26-05-2020,2020-05-26,Manufacturing and Allied,Unga Group Ltd
UNGA,16-Jul-20,Unga Group Ltd,26.1,34.05,28.05,28.05,28.05,28.05,-,-,-,-,16-07-2020,2020-07-16,Manufacturing and Allied,Unga Group Ltd
UNGA,08-Feb-19,Unga Group Ltd,26.1,36.5,36,36.6,36.1,36,0.1,0.28%,"2,500",-,08-02-2019,2019-02-08,Manufacturing and Allied,Unga Group Ltd
UNGA,26-Aug-20,Unga Group Ltd,26.1,34.05,33,33,33,33,-,-,100,-,26-08-2020,2020-08-26,Manufacturing and Allied,Unga Group Ltd
UNGA,06-May-20,Unga Group Ltd,26.1,37,29,29,29,28.4,0.6,2.11%,500,-,06-05-2020,2020-05-06,Manufacturing and Allied,Unga Group Ltd
UNGA,18-Nov-19,Unga Group Ltd,26.1,37,31,31,31,31,-,-,-,-,18-11-2019,2019-11-18,Manufacturing and Allied,Unga Group Ltd
UNGA,04-Dec-20,Unga Group Ltd,26.1,35,31,31,31,30.45,0.55,1.81%,100,-,04-12-2020,2020-12-04,Manufacturing and Allied,Unga Group Ltd
UNGA,04-May-20,Unga Group Ltd,26.1,37,29.2,29.2,29.2,29.2,-,-,-,-,04-05-2020,2020-05-04,Manufacturing and Allied,Unga Group Ltd
UNGA,16-Dec-20,Unga Group Ltd,26.1,35,30,30,30,30,-,-,-,-,16-12-2020,2020-12-16,Manufacturing and Allied,Unga Group Ltd
UNGA,04-Nov-20,Unga Group Ltd,26.1,35,30.05,30.05,30.05,30,0.05,0.17%,100,-,04-11-2020,2020-11-04,Manufacturing and Allied,Unga Group Ltd
UNGA,14-Dec-20,Unga Group Ltd,26.1,35,30,30,30,30,-,-,200,-,14-12-2020,2020-12-14,Manufacturing and Allied,Unga Group Ltd
UNGA,10-Jan-20,Unga Group Ltd,26.1,37,32,32,32,32,-,-,-,-,10-01-2020,2020-01-10,Manufacturing and Allied,Unga Group Ltd
UNGA,13-Oct-20,Unga Group Ltd,26.1,35,30,32,30.650000000000002,30,0.65,2.17%,300,-,13-10-2020,2020-10-13,Manufacturing and Allied,Unga Group Ltd
UNGA,10-Mar-20,Unga Group Ltd,26.1,37,30,30,30,32.5,-2.5,7.69%,400,-,10-03-2020,2020-03-10,Manufacturing and Allied,Unga Group Ltd
UNGA,24-Aug-20,Unga Group Ltd,26.1,34.05,32.7,32.7,32.7,32.7,-,-,-,-,24-08-2020,2020-08-24,Manufacturing and Allied,Unga Group Ltd
UNGA,31-Jan-20,Unga Group Ltd,26.1,37,32,32,32,32,-,-,-,-,31-01-2020,2020-01-31,Manufacturing and Allied,Unga Group Ltd
UNGA,27-Aug-20,Unga Group Ltd,26.1,34.05,33,33,33,33,-,-,-,-,27-08-2020,2020-08-27,Manufacturing and Allied,Unga Group Ltd
UNGA,29-Nov-19,Unga Group Ltd,26.1,37,34.05,35.7,35.1,35.7,-0.6,1.68%,400,-,29-11-2019,2019-11-29,Manufacturing and Allied,Unga Group Ltd
UNGA,02-Nov-20,Unga Group Ltd,26.1,35,30,30,30,30,-,-,-,-,02-11-2020,2020-11-02,Manufacturing and Allied,Unga Group Ltd
UNGA,21-Oct-20,Unga Group Ltd,26.1,34.05,30.650000000000002,30.650000000000002,30.650000000000002,30.650000000000002,-,-,-,-,21-10-2020,2020-10-21,Manufacturing and Allied,Unga Group Ltd
UNGA,15-Nov-19,Unga Group Ltd,26.1,37,30.6,33,31,33,-2,6.06%,"11,600",-,15-11-2019,2019-11-15,Manufacturing and Allied,Unga Group Ltd
UNGA,05-Mar-20,Unga Group Ltd,26.1,37,31,31,31,31,-,-,300,-,05-03-2020,2020-03-05,Manufacturing and Allied,Unga Group Ltd
UNGA,07-May-20,Unga Group Ltd,26.1,37,28.1,30.5,28.150000000000002,29,-0.85,2.93%,"10,200",-,07-05-2020,2020-05-07,Manufacturing and Allied,Unga Group Ltd
UNGA,26-Oct-20,Unga Group Ltd,26.1,34.05,30,30,30,30,-,-,6100,-,26-10-2020,2020-10-26,Manufacturing and Allied,Unga Group Ltd
UNGA,30-Jan-20,Unga Group Ltd,26.1,36.5,32,32,32,31.3,0.7,2.24%,300,-,30-01-2020,2020-01-30,Manufacturing and Allied,Unga Group Ltd
UNGA,13-Jan-20,Unga Group Ltd,26.1,37,32,32,32,32,-,-,-,-,13-01-2020,2020-01-13,Manufacturing and Allied,Unga Group Ltd
UNGA,22-Jul-20,Unga Group Ltd,26.1,34.05,28,28,28,28.05,-0.05,0.18%,100,-,22-07-2020,2020-07-22,Manufacturing and Allied,Unga Group Ltd
UNGA,23-Oct-20,Unga Group Ltd,26.1,35,30,30,30,30.650000000000002,-0.65,2.12%,1000,-,23-10-2020,2020-10-23,Manufacturing and Allied,Unga Group Ltd
UNGA,15-Jan-20,Unga Group Ltd,26.1,37,32.949999999999996,32.949999999999996,32.949999999999996,32,0.95,2.97%,200,-,15-01-2020,2020-01-15,Manufacturing and Allied,Unga Group Ltd
UNGA,27-Nov-19,Unga Group Ltd,26.1,37,35,35,35,35,-,-,100,-,27-11-2019,2019-11-27,Manufacturing and Allied,Unga Group Ltd
UNGA,03-Jul-20,Unga Group Ltd,26.1,35,29.85,29.85,29.85,29.85,-,-,-,-,03-07-2020,2020-07-03,Manufacturing and Allied,Unga Group Ltd
UNGA,09-Sep-20,Unga Group Ltd,26.1,35,30,30,30,30,-,-,-,-,09-09-2020,2020-09-09,Manufacturing and Allied,Unga Group Ltd
UNGA,28-Nov-19,Unga Group Ltd,26.1,37,35.7,35.7,35.7,35,0.7,2.00%,100,-,28-11-2019,2019-11-28,Manufacturing and Allied,Unga Group Ltd
UNGA,21-May-20,Unga Group Ltd,26.1,36.5,30,30,30,30,-,-,-,-,21-05-2020,2020-05-21,Manufacturing and Allied,Unga Group Ltd
UNGA,22-Oct-20,Unga Group Ltd,26.1,34.05,30.650000000000002,30.650000000000002,30.650000000000002,30.650000000000002,-,-,-,-,22-10-2020,2020-10-22,Manufacturing and Allied,Unga Group Ltd
UNGA,15-Jul-20,Unga Group Ltd,26.1,34.05,28.05,28.05,28.05,28.05,-,-,-,-,15-07-2020,2020-07-15,Manufacturing and Allied,Unga Group Ltd
UNGA,31-Dec-20,Unga Group Ltd,26.1,35,31.8,31.8,31.8,31.8,-,-,-,-,31-12-2020,2020-12-31,Manufacturing and Allied,Unga Group Ltd
UNGA,04-Sep-20,Unga Group Ltd,26.1,34.05,30,30,30,30,-,-,2400,-,04-09-2020,2020-09-04,Manufacturing and Allied,Unga Group Ltd
UNGA,23-Mar-20,Unga Group Ltd,26.1,37,29,29,29,29,-,-,-,-,23-03-2020,2020-03-23,Manufacturing and Allied,Unga Group Ltd
UNGA,20-Nov-19,Unga Group Ltd,26.1,37,31,31,31,31,-,-,-,-,20-11-2019,2019-11-20,Manufacturing and Allied,Unga Group Ltd
UNGA,15-Dec-20,Unga Group Ltd,26.1,35,30,30,30,30,-,-,-,-,15-12-2020,2020-12-15,Manufacturing and Allied,Unga Group Ltd
UNGA,11-Mar-20,Unga Group Ltd,26.1,37,30,30,30,30,-,-,-,-,11-03-2020,2020-03-11,Manufacturing and Allied,Unga Group Ltd
UNGA,13-Mar-20,Unga Group Ltd,26.1,37,29,31,30.3,31.9,-1.6,5.02%,"1,600",-,13-03-2020,2020-03-13,Manufacturing and Allied,Unga Group Ltd
